"Data","Último","Abertura","Máxima","Mínima","Vol.","Var%"
"03.03.2024","4,9377","4,9545","4,9620","4,9328","","-0,33%"
"25.02.2024","4,9541","4,9943","4,9993","4,9281","","-0,82%"
"18.02.2024","4,9951","4,9686","4,9978","4,9186","","0,58%"
"11.02.2024","4,9665","4,9537","4,9894","4,9520","","0,30%"
"04.02.2024","4,9517","4,9663","5,0184","4,9497","","-0,37%"
"28.01.2024","4,9699","4,9175","4,9819","4,9056","","1,08%"
"21.01.2024","4,9168","4,9338","5,0023","4,9018","","-0,29%"
"14.01.2024","4,9310","4,8566","4,9561","4,8427","","1,59%"
"07.01.2024","4,8539","4,8781","4,9098","4,8309","","-0,42%"
"31.12.2023","4,8743","4,8534","4,9407","4,8489","","0,46%"
"24.12.2023","4,8521","4,8513","4,8714","4,8018","","-0,13%"
"17.12.2023","4,8585","4,9414","4,9520","4,8481","","-1,59%"
"10.12.2023","4,9371","4,9268","4,9773","4,8749","","0,11%"
"03.12.2023","4,9317","4,8780","4,9680","4,8780","","1,06%"
"26.11.2023","4,8801","4,9060","4,9459","4,8575","","-0,45%"
"19.11.2023","4,9020","4,9025","4,9205","4,8425","","-0,08%"
"12.11.2023","4,9059","4,9009","4,9427","4,8363","","0,09%"
"05.11.2023","4,9013","4,9031","4,9549","4,8585","","0,00%"
"29.10.2023","4,9012","5,0143","5,0717","4,8753","","-2,27%"
"22.10.2023","5,0152","5,0328","5,0545","4,9306","","-0,32%"
"15.10.2023","5,0312","5,0532","5,0990","5,0093","","-0,96%"
"08.10.2023","5,0801","5,1615","5,1820","5,0280","","-1,27%"
"01.10.2023","5,1457","5,0308","5,2210","5,0308","","2,26%"
"24.09.2023","5,0320","4,9320","5,0800","4,9320","","1,96%"
"17.09.2023","4,9351","4,8685","4,9396","4,8390","","1,41%"
"10.09.2023","4,8663","4,9845","4,9867","4,8584","","-2,44%"
"03.09.2023","4,9882","4,9485","4,9953","4,9069","","0,85%"
"27.08.2023","4,9463","4,8719","4,9613","4,8424","","1,54%"
"20.08.2023","4,8711","4,9684","4,9967","4,8457","","-1,98%"
"13.08.2023","4,9694","4,9126","5,0024","4,9102","","1,32%"
"06.08.2023","4,9048","4,8735","4,9418","4,8400","","0,65%"
"30.07.2023","4,8733","4,7304","4,9224","4,7130","","2,95%"
"23.07.2023","4,7336","4,7797","4,7840","4,6950","","-0,96%"
"16.07.2023","4,7795","4,7896","4,8507","4,7597","","-0,21%"
"09.07.2023","4,7894","4,8696","4,9235","4,7757","","-1,70%"
"02.07.2023","4,8720","4,7885","4,9507","4,7592","","1,80%"
"25.06.2023","4,7860","4,7838","4,8750","4,7505","","-0,01%"
"18.06.2023","4,7864","4,8202","4,8320","4,7507","","-0,70%"
"11.06.2023","4,8199","4,8794","4,9007","4,7949","","-1,21%"
"04.06.2023","4,8791","4,9581","4,9765","4,8524","","-1,57%"
"28.05.2023","4,9571","4,9942","5,1279","4,9453","","-0,74%"
"21.05.2023","4,9939","4,9983","5,0448","4,9349","","-0,08%"
"14.05.2023","4,9981","4,9196","5,0033","4,8847","","1,60%"
"07.05.2023","4,9195","4,9531","5,0374","4,9079","","-0,65%"
"30.04.2023","4,9518","4,9875","5,0535","4,9250","","-0,70%"
"23.04.2023","4,9865","5,0481","5,0863","4,9693","","-1,23%"
"16.04.2023","5,0486","4,9102","5,0895","4,8988","","2,83%"
"09.04.2023","4,9096","5,0559","5,0938","4,8921","","-2,87%"
"02.04.2023","5,0549","5,0637","5,1002","5,0163","","-0,16%"
"26.03.2023","5,0631","5,2466","5,2509","5,0547","","-3,49%"
"19.03.2023","5,2463","5,2756","5,3421","5,2024","","-0,60%"
"12.03.2023","5,2778","5,2171","5,3289","5,2106","","1,17%"
"05.03.2023","5,2166","5,1990","5,2216","5,1003","","0,40%"
"26.02.2023","5,1956","5,2071","5,2519","5,1706","","-0,28%"
"19.02.2023","5,2100","5,1679","5,2144","5,1093","","0,82%"
"12.02.2023","5,1674","5,2156","5,2603","5,1281","","-0,91%"
"05.02.2023","5,2151","5,1525","5,3092","5,1326","","1,22%"
"29.01.2023","5,1522","5,1065","5,1589","4,9401","","0,85%"
"22.01.2023","5,1089","5,2079","5,2208","5,0560","","-1,89%"
"15.01.2023","5,2074","5,0957","5,2562","5,0655","","2,19%"
"08.01.2023","5,0956","5,2259","5,3094","5,0684","","-2,48%"
"01.01.2023","5,2254","5,2865","5,4802","5,2186","","-1,15%"
"25.12.2022","5,2860","5,1669","5,3049","5,1545","","2,34%"
"18.12.2022","5,1652","5,3145","5,3404","5,1160","","-2,80%"
"11.12.2022","5,3140","5,2404","5,3730","5,2309","","1,41%"
"04.12.2022","5,2400","5,2170","5,2916","5,1841","","0,40%"
"27.11.2022","5,2189","5,4080","5,4307","5,1616","","-3,53%"
"20.11.2022","5,4098","5,3832","5,4251","5,2794","","0,50%"
"13.11.2022","5,3827","5,3253","5,5307","5,2589","","1,08%"
"06.11.2022","5,3250","5,0571","5,4155","5,0461","","5,33%"
"30.10.2022","5,0557","5,2962","5,4083","5,0184","","-4,52%"
"23.10.2022","5,2949","5,1649","5,3927","5,1648","","2,60%"
"16.10.2022","5,1605","5,3288","5,3307","5,1404","","-3,09%"
"09.10.2022","5,3252","5,1999","5,3817","5,1625","","2,42%"
"02.10.2022","5,1996","5,4158","5,4158","5,1083","","-3,98%"
"25.09.2022","5,4154","5,2603","5,4300","5,2603","","2,96%"
"18.09.2022","5,2595","5,2544","5,3029","5,1055","","0,12%"
"11.09.2022","5,2531","5,1477","5,3105","5,0766","","2,08%"
"04.09.2022","5,1462","5,1660","5,2539","5,1378","","-0,42%"
"28.08.2022","5,1681","5,0608","5,2577","5,0076","","2,13%"
"21.08.2022","5,0601","5,1706","5,2046","5,0540","","-2,12%"
"14.08.2022","5,1697","5,0721","5,2199","5,0721","","1,90%"
"07.08.2022","5,0735","5,1638","5,1712","5,0342","","-1,76%"
"31.07.2022","5,1646","5,1759","5,3163","5,1269","","-0,17%"
"24.07.2022","5,1734","5,4987","5,5010","5,1448","","-5,88%"
"17.07.2022","5,4968","5,4092","5,5152","5,3517","","1,64%"
"10.07.2022","5,4082","5,2551","5,4906","5,2551","","2,94%"
"03.07.2022","5,2536","5,3307","5,4627","5,2501","","-1,45%"
"26.06.2022","5,3310","5,2423","5,3402","5,1754","","1,70%"
"19.06.2022","5,2417","5,1534","5,2763","5,1167","","1,75%"
"12.06.2022","5,1518","4,9890","5,1561","4,9890","","3,31%"
"05.06.2022","4,9865","4,7765","5,0124","4,7467","","4,46%"
"29.05.2022","4,7734","4,7311","4,8321","4,6904","","0,93%"
"22.05.2022","4,7295","4,8797","4,8797","4,7147","","-3,06%"
"15.05.2022","4,8788","5,0647","5,1045","4,8519","","-3,58%"
"08.05.2022","5,0602","5,0784","5,2102","5,0455","","-0,34%"
"01.05.2022","5,0774","4,9692","5,1150","4,8921","","2,12%"
"24.04.2022","4,9721","4,7974","5,0461","4,7974","","3,72%"
"17.04.2022","4,7937","4,6971","4,8393","4,6080","","2,07%"
"10.04.2022","4,6965","4,7056","4,7417","4,6215","","-0,01%"
"03.04.2022","4,6970","4,6595","4,7950","4,5805","","0,85%"
"27.03.2022","4,6575","4,7526","4,8196","4,6525","","-1,78%"
"20.03.2022","4,7420","5,0245","5,0299","4,7297","","-5,60%"
"13.03.2022","5,0231","5,0591","5,1700","4,9924","","-1,01%"
"06.03.2022","5,0745","5,0785","5,1152","4,9820","","0,25%"
"27.02.2022","5,0620","5,1638","5,2233","5,0188","","-1,94%"
"20.02.2022","5,1623","5,1374","5,1810","4,9939","","0,46%"
"13.02.2022","5,1385","5,2560","5,2670","5,1088","","-2,17%"
"06.02.2022","5,2527","5,3260","5,3283","5,1727","","-1,41%"
"30.01.2022","5,3279","5,3698","5,3981","5,2540","","-0,74%"
"23.01.2022","5,3674","5,4528","5,5251","5,3532","","-1,66%"
"16.01.2022","5,4582","5,5352","5,5832","5,3790","","-1,38%"
"09.01.2022","5,5344","5,6340","5,6930","5,5005","","-1,79%"
"02.01.2022","5,6355","5,5668","5,7255","5,5564","","1,17%"
"26.12.2021","5,5703","5,6701","5,7105","5,5469","","-1,84%"
"19.12.2021","5,6750","5,7141","5,7579","5,6259","","-0,37%"
"12.12.2021","5,6959","5,6105","5,7364","5,6012","","1,48%"
"05.12.2021","5,6127","5,6532","5,7029","5,5175","","-0,72%"
"28.11.2021","5,6532","5,6085","5,6959","5,5770","","0,78%"
"21.11.2021","5,6093","5,6013","5,6636","5,5479","","-0,07%"
"14.11.2021","5,6135","5,4570","5,6151","5,4296","","2,83%"
"07.11.2021","5,4588","5,5667","5,5979","5,3879","","-1,52%"
"31.10.2021","5,5428","5,6221","5,7000","5,5012","","-1,67%"
"24.10.2021","5,6372","5,6533","5,6637","5,5365","","-0,18%"
"17.10.2021","5,6474","5,4576","5,7547","5,4576","","3,41%"
"10.10.2021","5,4611","5,5073","5,5737","5,4337","","-0,86%"
"03.10.2021","5,5082","5,3614","5,5381","5,3614","","2,71%"
"26.09.2021","5,3628","5,3384","5,4767","5,3067","","0,53%"
"19.09.2021","5,3344","5,2851","5,3779","5,2495","","0,87%"
"12.09.2021","5,2883","5,2490","5,3472","5,1980","","0,82%"
"05.09.2021","5,2454","5,1920","5,3347","5,1547","","1,05%"
"29.08.2021","5,1908","5,1999","5,2266","5,1154","","-0,17%"
"22.08.2021","5,1996","5,3795","5,4023","5,1869","","-3,30%"
"15.08.2021","5,3770","5,2439","5,4757","5,2285","","2,49%"
"08.08.2021","5,2466","5,2325","5,2993","5,1636","","0,32%"
"01.08.2021","5,2301","5,2158","5,2757","5,1101","","0,34%"
"25.07.2021","5,2123","5,2051","5,2304","5,0406","","0,22%"
"18.07.2021","5,2006","5,1185","5,2950","5,1185","","1,68%"
"11.07.2021","5,1147","5,2586","5,2850","5,0530","","-2,72%"
"04.07.2021","5,2579","5,0551","5,3145","5,0459","","3,96%"
"27.06.2021","5,0575","4,9307","5,0745","4,9171","","2,51%"
"20.06.2021","4,9335","5,0753","5,0824","4,8929","","-3,06%"
"13.06.2021","5,0894","5,1153","5,1190","4,9815","","-0,54%"
"06.06.2021","5,1171","5,0466","5,1395","5,0172","","1,34%"
"30.05.2021","5,0495","5,2228","5,2632","5,0320","","-3,35%"
"23.05.2021","5,2244","5,3664","5,3746","5,2088","","-2,56%"
"16.05.2021","5,3617","5,2725","5,3710","5,2298","","1,69%"
"09.05.2021","5,2728","5,2340","5,3331","5,1964","","0,69%"
"02.05.2021","5,2368","5,4360","5,4843","5,2025","","-3,68%"
"25.04.2021","5,4366","5,4757","5,4904","5,3274","","-0,70%"
"18.04.2021","5,4751","5,5873","5,6224","5,4239","","-2,03%"
"11.04.2021","5,5883","5,6822","5,7562","5,5658","","-1,65%"
"04.04.2021","5,6821","5,7100","5,7101","5,5381","","-0,45%"
"28.03.2021","5,7075","5,7550","5,8069","5,6080","","-0,85%"
"21.03.2021","5,7566","5,5087","5,7589","5,4640","","4,82%"
"14.03.2021","5,4917","5,5501","5,6827","5,4482","","-1,08%"
"07.03.2021","5,5518","5,6898","5,8787","5,5257","","-2,44%"
"28.02.2021","5,6908","5,5870","5,7729","5,5438","","1,65%"
"21.02.2021","5,5986","5,5128","5,6093","5,3895","","4,02%"
"14.02.2021","5,3823","5,3685","5,4706","5,3670","","0,23%"
"07.02.2021","5,3698","5,4040","5,4478","5,3042","","-0,01%"
"31.01.2021","5,3704","5,4663","5,4863","5,3201","","-1,69%"
"24.01.2021","5,4625","5,4670","5,5061","5,3119","","-0,07%"
"17.01.2021","5,4666","5,3025","5,4875","5,2314","","3,29%"
"10.01.2021","5,2927","5,4666","5,5166","5,1910","","-2,31%"
"03.01.2021","5,4178","5,1351","5,4408","5,1197","","4,31%"
"27.12.2020","5,1937","5,1784","5,3124","5,1519","","-0,44%"
"20.12.2020","5,2165","5,2012","5,2250","5,1094","","2,24%"
"13.12.2020","5,1022","5,0383","5,1440","5,0100","","0,72%"
"06.12.2020","5,0656","5,1597","5,1981","5,0143","","-1,75%"
"29.11.2020","5,1557","5,2906","5,3971","5,1164","","-3,52%"
"22.11.2020","5,3438","5,3780","5,4507","5,2955","","-0,67%"
"15.11.2020","5,3797","5,4148","5,4584","5,2740","","-1,44%"
"08.11.2020","5,4582","5,2746","5,5264","5,2235","","1,74%"
"01.11.2020","5,3647","5,7430","5,7667","5,3586","","-6,61%"
"25.10.2020","5,7446","5,6551","5,8084","5,5986","","2,26%"
"18.10.2020","5,6175","5,6463","5,6503","5,5472","","-0,45%"
"11.10.2020","5,6428","5,5263","5,6549","5,5210","","2,01%"
"04.10.2020","5,5318","5,6498","5,6774","5,4830","","-2,70%"
"27.09.2020","5,6851","5,5135","5,6929","5,5127","","2,21%"
"20.09.2020","5,5624","5,4511","5,6243","5,3828","","3,24%"
"13.09.2020","5,3876","5,3191","5,3988","5,2102","","1,29%"
"06.09.2020","5,3189","5,3608","5,4096","5,2583","","0,33%"
"30.08.2020","5,3012","5,3850","5,4955","5,2465","","-1,61%"
"23.08.2020","5,3881","5,5773","5,6342","5,3855","","-4,11%"
"16.08.2020","5,6192","5,4410","5,6733","5,4089","","3,67%"
"09.08.2020","5,4204","5,4395","5,4925","5,3490","","-0,33%"
"02.08.2020","5,4383","5,2223","5,4394","5,2115","","4,10%"
"26.07.2020","5,2240","5,2332","5,2332","5,1145","","-0,17%"
"19.07.2020","5,2329","5,3870","5,3913","5,0827","","-2,82%"
"12.07.2020","5,3849","5,3130","5,4542","5,2917","","1,15%"
"05.07.2020","5,3238","5,3150","5,4017","5,2450","","0,15%"
"28.06.2020","5,3158","5,4847","5,5082","5,2656","","-3,07%"
"21.06.2020","5,4840","5,2904","5,4931","5,1336","","3,27%"
"14.06.2020","5,3105","5,1314","5,3884","5,0477","","5,15%"
"07.06.2020","5,0505","4,9619","5,1118","4,8175","","1,86%"
"31.05.2020","4,9585","5,3340","5,4196","4,9328","","-7,08%"
"24.05.2020","5,3361","5,4942","5,5301","5,2691","","-3,57%"
"17.05.2020","5,5338","5,8565","5,8565","5,5229","","-5,49%"
"10.05.2020","5,8554","5,7825","5,9718","5,7420","","2,15%"
"03.05.2020","5,7319","5,6141","5,8770","5,4818","","4,49%"
"26.04.2020","5,4856","5,5427","5,7260","5,3306","","-1,88%"
"19.04.2020","5,5907","5,2864","5,7484","5,2642","","6,77%"
"12.04.2020","5,2363","5,1219","5,2761","5,1038","","2,55%"
"05.04.2020","5,1063","5,2998","5,3114","5,0487","","-4,57%"
"29.03.2020","5,3506","5,1180","5,3541","5,1128","","4,92%"
"22.03.2020","5,0997","5,0628","5,1479","4,9722","","0,73%"
"15.03.2020","5,0627","4,8600","5,2550","4,8600","","4,21%"
"08.03.2020","4,8580","4,7600","5,0284","4,6345","","4,99%"
"01.03.2020","4,6269","4,4949","4,6720","4,4521","","3,43%"
"23.02.2020","4,4733","4,3884","4,5143","4,3879","","1,91%"
"16.02.2020","4,3895","4,3003","4,4068","4,2969","","2,14%"
"09.02.2020","4,2974","4,3210","4,3835","4,2906","","-0,53%"
"02.02.2020","4,3203","4,2816","4,3240","4,2086","","0,89%"
"26.01.2020","4,2820","4,1842","4,2905","4,1797","","2,41%"
"19.01.2020","4,1814","4,1658","4,2178","4,1554","","0,48%"
"12.01.2020","4,1616","4,0907","4,2011","4,0885","","1,60%"
"05.01.2020","4,0960","4,0567","4,1051","4,0399","","0,72%"
"29.12.2019","4,0669","4,0490","4,0720","4,0037","","0,53%"
"22.12.2019","4,0456","4,1020","4,1020","4,0347","","-1,38%"
"15.12.2019","4,1022","4,1104","4,1104","4,0462","","-0,14%"
"08.12.2019","4,1080","4,1415","4,1613","4,0752","","-0,80%"
"01.12.2019","4,1411","4,2362","4,2541","4,1340","","-2,25%"
"24.11.2019","4,2364","4,1989","4,2778","4,1830","","0,96%"
"17.11.2019","4,1962","4,1785","4,2244","4,1697","","0,01%"
"10.11.2019","4,1957","4,1679","4,1993","4,1355","","0,78%"
"03.11.2019","4,1633","3,9894","4,1709","3,9750","","4,35%"
"27.10.2019","3,9897","4,0028","4,0378","3,9637","","-0,33%"
"20.10.2019","4,0029","4,1118","4,1523","3,9914","","-2,62%"
"13.10.2019","4,1105","4,1064","4,1873","4,1064","","0,03%"
"06.10.2019","4,1094","4,0561","4,1378","4,0560","","1,34%"
"29.09.2019","4,0551","4,1625","4,1858","4,0498","","-2,52%"
"22.09.2019","4,1599","4,1500","4,1948","4,1214","","0,31%"
"15.09.2019","4,1472","4,0858","4,1839","4,0718","","1,55%"
"08.09.2019","4,0840","4,0630","4,1297","4,0265","","0,57%"
"01.09.2019","4,0607","4,1440","4,1894","4,0534","","-2,02%"
"25.08.2019","4,1445","4,1200","4,1949","4,1030","","0,60%"
"18.08.2019","4,1196","4,0030","4,1324","3,9904","","2,85%"
"11.08.2019","4,0054","3,9402","4,0540","3,9390","","1,64%"
"04.08.2019","3,9406","3,8864","3,9929","3,8864","","1,35%"
"28.07.2019","3,8883","3,7748","3,8935","3,7478","","2,99%"
"21.07.2019","3,7753","3,7462","3,8068","3,7292","","0,73%"
"14.07.2019","3,7481","3,7365","3,7717","3,7178","","0,33%"
"07.07.2019","3,7358","3,8160","3,8175","3,7296","","-2,24%"
"30.06.2019","3,8215","3,8373","3,8812","3,7834","","-0,79%"
"23.06.2019","3,8518","3,8220","3,8733","3,8066","","0,86%"
"16.06.2019","3,8190","3,8977","3,9249","3,8127","","-1,97%"
"09.06.2019","3,8956","3,8760","3,9139","3,8296","","0,47%"
"02.06.2019","3,8774","3,9232","3,9344","3,8365","","-1,13%"
"26.05.2019","3,9218","4,0131","4,0541","3,9086","","-2,47%"
"19.05.2019","4,0213","4,1013","4,1221","4,0068","","-1,91%"
"12.05.2019","4,0997","3,9771","4,1133","3,9660","","3,62%"
"05.05.2019","3,9566","3,9383","4,0003","3,9252","","0,48%"
"28.04.2019","3,9378","3,9300","3,9721","3,9128","","0,23%"
"21.04.2019","3,9288","3,9270","4,0065","3,9121","","0,07%"
"14.04.2019","3,9260","3,8819","3,9518","3,8591","","1,15%"
"07.04.2019","3,8812","3,8728","3,9081","3,8147","","0,21%"
"31.03.2019","3,8730","3,8897","3,8930","3,8328","","-1,29%"
"24.03.2019","3,9238","3,9041","4,0160","3,8335","","0,44%"
"17.03.2019","3,9066","3,8173","3,9167","3,7381","","2,45%"
"10.03.2019","3,8131","3,8667","3,8719","3,7996","","-1,38%"
"03.03.2019","3,8666","3,7747","3,9037","3,7745","","2,43%"
"24.02.2019","3,7749","3,7476","3,7964","3,7173","","0,71%"
"17.02.2019","3,7482","3,7020","3,7724","3,6905","","1,28%"
"10.02.2019","3,7007","3,7322","3,7956","3,6990","","-0,76%"
"03.02.2019","3,7290","3,6597","3,7483","3,6595","","1,90%"
"27.01.2019","3,6596","3,7785","3,7878","3,6363","","-2,92%"
"20.01.2019","3,7695","3,7604","3,8170","3,7374","","0,51%"
"13.01.2019","3,7502","3,7113","3,7746","3,6839","","1,06%"
"06.01.2019","3,7108","3,7144","3,7423","3,6749","","-0,12%"
"30.12.2018","3,7154","3,8793","3,8976","3,7093","","-4,25%"
"23.12.2018","3,8804","3,9040","3,9461","3,8298","","-0,60%"
"16.12.2018","3,9039","3,9174","3,9293","3,8331","","-0,33%"
"09.12.2018","3,9170","3,9075","3,9460","3,8364","","0,25%"
"02.12.2018","3,9074","3,8669","3,9436","3,8149","","1,07%"
"25.11.2018","3,8662","3,8187","3,9448","3,8170","","1,00%"
"18.11.2018","3,8280","3,7473","3,8309","3,7420","","2,26%"
"11.11.2018","3,7434","3,7498","3,8317","3,7301","","0,27%"
"04.11.2018","3,7334","3,6967","3,7880","3,6913","","1,00%"
"28.10.2018","3,6965","3,6430","3,7450","3,5817","","1,48%"
"21.10.2018","3,6426","3,6946","3,7469","3,6397","","-1,92%"
"14.10.2018","3,7140","3,7569","3,7648","3,6644","","-1,81%"
"07.10.2018","3,7825","3,7283","3,7915","3,7010","","-1,51%"
"30.09.2018","3,8406","4,0496","4,0637","3,8221","","-5,12%"
"23.09.2018","4,0477","4,0652","4,1421","3,9669","","-0,08%"
"16.09.2018","4,0511","4,1736","4,2041","4,0276","","-2,94%"
"09.09.2018","4,1739","4,0679","4,2109","4,0516","","2,82%"
"02.09.2018","4,0594","4,0921","4,1916","4,0362","","0,12%"
"26.08.2018","4,0545","4,1066","4,2151","4,0472","","-1,14%"
"19.08.2018","4,1012","3,9132","4,1326","3,9132","","4,87%"
"12.08.2018","3,9108","3,8582","3,9532","3,8582","","1,36%"
"05.08.2018","3,8584","3,7053","3,8744","3,6902","","4,08%"
"29.07.2018","3,7070","3,7146","3,7822","3,6960","","-0,08%"
"22.07.2018","3,7099","3,7659","3,8035","3,6879","","-1,52%"
"15.07.2018","3,7671","3,8508","3,8927","3,7580","","-2,19%"
"08.07.2018","3,8514","3,8650","3,9028","3,7935","","-0,28%"
"01.07.2018","3,8624","3,8781","3,9533","3,8593","","-0,36%"
"24.06.2018","3,8765","3,7877","3,8802","3,7610","","2,41%"
"17.06.2018","3,7852","3,7301","3,8042","3,7060","","1,50%"
"10.06.2018","3,7294","3,7092","3,8157","3,6677","","0,55%"
"03.06.2018","3,7091","3,7661","3,9678","3,6930","","-1,43%"
"27.05.2018","3,7630","3,6512","3,7707","3,6510","","3,06%"
"20.05.2018","3,6514","3,7383","3,7389","3,6160","","-2,26%"
"13.05.2018","3,7360","3,5991","3,7768","3,5726","","3,80%"
"06.05.2018","3,5991","3,5307","3,6127","3,5307","","1,98%"
"29.04.2018","3,5291","3,4574","3,5676","3,4574","","2,12%"
"22.04.2018","3,4559","3,4137","3,5159","3,4137","","1,27%"
"15.04.2018","3,4124","3,4255","3,4362","3,3732","","-0,28%"
"08.04.2018","3,4220","3,3690","3,4362","3,3631","","1,58%"
"01.04.2018","3,3689","3,3045","3,3807","3,2954","","1,95%"
"25.03.2018","3,3046","3,3140","3,3466","3,2924","","-0,22%"
"18.03.2018","3,3119","3,2786","3,3194","3,2638","","0,95%"
"11.03.2018","3,2807","3,2553","3,2997","3,2374","","0,80%"
"04.03.2018","3,2548","3,2528","3,2710","3,2057","","0,08%"
"25.02.2018","3,2523","3,2379","3,2717","3,2218","","0,46%"
"18.02.2018","3,2374","3,2315","3,2738","3,2218","","0,20%"
"11.02.2018","3,2310","3,2957","3,2974","3,1983","","-1,91%"
"04.02.2018","3,2939","3,2185","3,3189","3,2136","","2,36%"
"28.01.2018","3,2180","3,1534","3,2237","3,1458","","2,13%"
"21.01.2018","3,1509","3,1967","3,2445","3,1198","","-1,41%"
"14.01.2018","3,1961","3,2060","3,2390","3,1918","","-0,32%"
"07.01.2018","3,2063","3,2292","3,2559","3,1995","","-0,70%"
"31.12.2017","3,2288","3,3135","3,3135","3,2218","","-2,52%"
"24.12.2017","3,3121","3,3376","3,3376","3,2920","","-0,74%"
"17.12.2017","3,3369","3,2949","3,3403","3,2784","","1,28%"
"10.12.2017","3,2946","3,2912","3,3482","3,2729","","0,09%"
"03.12.2017","3,2918","3,2581","3,3187","3,2199","","1,04%"
"26.11.2017","3,2580","3,2330","3,2887","3,2005","","0,78%"
"19.11.2017","3,2329","3,2574","3,2665","3,2188","","-0,75%"
"12.11.2017","3,2573","3,2822","3,3180","3,2548","","-0,63%"
"05.11.2017","3,2778","3,3144","3,3144","3,2362","","-1,10%"
"29.10.2017","3,3142","3,2366","3,3354","3,2346","","2,42%"
"22.10.2017","3,2360","3,1930","3,3031","3,1895","","1,37%"
"15.10.2017","3,1923","3,1450","3,1979","3,1437","","1,51%"
"08.10.2017","3,1447","3,1558","3,1898","3,1439","","-0,35%"
"01.10.2017","3,1558","3,1641","3,1786","3,1221","","-0,18%"
"24.09.2017","3,1614","3,1324","3,2004","3,1260","","1,19%"
"17.09.2017","3,1243","3,1107","3,1470","3,1080","","0,53%"
"10.09.2017","3,1079","3,0905","3,1504","3,0789","","0,69%"
"03.09.2017","3,0865","3,1410","3,1452","3,0821","","-1,73%"
"27.08.2017","3,1409","3,1587","3,1767","3,1223","","-0,59%"
"20.08.2017","3,1595","3,1493","3,1907","3,1328","","0,42%"
"13.08.2017","3,1462","3,1762","3,2062","3,1405","","-1,48%"
"06.08.2017","3,1934","3,1316","3,2208","3,1190","","2,01%"
"30.07.2017","3,1305","3,1330","3,1444","3,1074","","-0,04%"
"23.07.2017","3,1316","3,1400","3,1774","3,1288","","-0,32%"
"16.07.2017","3,1416","3,1804","3,1879","3,1102","","-1,19%"
"09.07.2017","3,1794","3,2799","3,2813","3,1781","","-3,11%"
"02.07.2017","3,2813","3,3194","3,3317","3,2679","","-0,78%"
"25.06.2017","3,3072","3,3453","3,3453","3,2708","","-1,07%"
"18.06.2017","3,3430","3,2901","3,3488","3,2801","","1,51%"
"11.06.2017","3,2933","3,2967","3,3340","3,2641","","-0,12%"
"04.06.2017","3,2971","3,2471","3,3026","3,2471","","1,50%"
"28.05.2017","3,2483","3,2670","3,2774","3,2151","","-0,36%"
"21.05.2017","3,2601","3,2533","3,3190","3,2470","","0,22%"
"14.05.2017","3,2530","3,1224","3,4093","3,0873","","4,20%"
"07.05.2017","3,1218","3,1753","3,2077","3,1164","","-1,75%"
"30.04.2017","3,1774","3,1774","3,1968","3,1413","","0,02%"
"23.04.2017","3,1767","3,1505","3,2149","3,1181","","0,91%"
"16.04.2017","3,1482","3,1448","3,1711","3,0878","","0,11%"
"09.04.2017","3,1448","3,1465","3,1599","3,1145","","-0,04%"
"02.04.2017","3,1462","3,1231","3,1593","3,0801","","0,73%"
"26.03.2017","3,1233","3,1077","3,1785","3,1073","","0,47%"
"19.03.2017","3,1086","3,0927","3,1514","3,0606","","0,54%"
"12.03.2017","3,0918","3,1387","3,1829","3,0876","","-1,52%"
"05.03.2017","3,1395","3,1158","3,1996","3,1012","","0,76%"
"26.02.2017","3,1158","3,1115","3,1633","3,0905","","0,15%"
"19.02.2017","3,1110","3,1019","3,1195","3,0524","","0,20%"
"12.02.2017","3,1048","3,1147","3,1285","3,0396","","-0,35%"
"05.02.2017","3,1158","3,1193","3,1376","3,1057","","-0,06%"
"29.01.2017","3,1177","3,1391","3,1631","3,1013","","-0,74%"
"22.01.2017","3,1410","3,1695","3,1954","3,1398","","-0,88%"
"15.01.2017","3,1690","3,2236","3,2445","3,1689","","-1,62%"
"08.01.2017","3,2213","3,2250","3,2323","3,1528","","-0,09%"
"01.01.2017","3,2241","3,2534","3,2923","3,1871","","-0,94%"
"25.12.2016","3,2547","3,2720","3,2969","3,2416","","-0,50%"
"18.12.2016","3,2710","3,3920","3,4037","3,2575","","-3,57%"
"11.12.2016","3,3920","3,3775","3,4126","3,3017","","0,40%"
"04.12.2016","3,3785","3,4765","3,4821","3,3525","","-2,79%"
"27.11.2016","3,4755","3,4215","3,4928","3,3756","","1,55%"
"20.11.2016","3,4223","3,3838","3,4687","3,3288","","1,15%"
"13.11.2016","3,3835","3,3927","3,4750","3,3715","","-0,24%"
"06.11.2016","3,3915","3,2348","3,5086","3,1630","","4,88%"
"30.10.2016","3,2337","3,2045","3,2649","3,1638","","0,85%"
"23.10.2016","3,2065","3,1515","3,2078","3,1026","","1,76%"
"16.10.2016","3,1511","3,2066","3,2180","3,1348","","-1,68%"
"09.10.2016","3,2051","3,2227","3,2279","3,1647","","-0,48%"
"02.10.2016","3,2204","3,2630","3,2639","3,1920","","-1,22%"
"25.09.2016","3,2603","3,2450","3,2706","3,2137","","0,47%"
"18.09.2016","3,2450","3,2632","3,2792","3,1813","","-0,53%"
"11.09.2016","3,2622","3,2724","3,3681","3,2409","","-0,35%"
"04.09.2016","3,2735","3,2573","3,2864","3,1658","","0,51%"
"28.08.2016","3,2568","3,2663","3,2918","3,2163","","-0,27%"
"21.08.2016","3,2655","3,2070","3,2795","3,1849","","1,93%"
"14.08.2016","3,2038","3,1918","3,2515","3,1564","","0,35%"
"07.08.2016","3,1925","3,1644","3,1950","3,1130","","0,84%"
"31.07.2016","3,1660","3,2496","3,2936","3,1602","","-2,54%"
"24.07.2016","3,2486","3,2568","3,2999","3,2283","","-0,24%"
"17.07.2016","3,2565","3,2764","3,2965","3,2378","","-0,78%"
"10.07.2016","3,2820","3,2999","3,3201","3,2172","","-0,56%"
"03.07.2016","3,3006","3,2336","3,3720","3,2301","","1,99%"
"26.06.2016","3,2361","3,3725","3,4167","3,1831","","-4,08%"
"19.06.2016","3,3739","3,4177","3,4507","3,3318","","-1,24%"
"12.06.2016","3,4163","3,4195","3,5157","3,4134","","-0,07%"
"05.06.2016","3,4188","3,5278","3,5297","3,3565","","-2,99%"
"29.05.2016","3,5240","3,6114","3,6381","3,5215","","-2,43%"
"22.05.2016","3,6116","3,5206","3,6303","3,5132","","2,60%"
"15.05.2016","3,5202","3,5316","3,6191","3,4819","","-0,39%"
"08.05.2016","3,5340","3,5025","3,6770","3,4361","","0,91%"
"01.05.2016","3,5023","3,4364","3,5835","3,4341","","1,94%"
"24.04.2016","3,4358","3,5648","3,5701","3,4289","","-3,61%"
"17.04.2016","3,5646","3,5318","3,6188","3,4717","","0,89%"
"10.04.2016","3,5332","3,5869","3,5918","3,4574","","-1,58%"
"03.04.2016","3,5901","3,5536","3,7200","3,5470","","1,02%"
"27.03.2016","3,5538","3,6869","3,6889","3,5326","","-3,52%"
"20.03.2016","3,6835","3,6245","3,7217","3,5743","","1,64%"
"13.03.2016","3,6240","3,5828","3,8540","3,5732","","1,17%"
"06.03.2016","3,5820","3,7582","3,8031","3,5725","","-4,72%"
"28.02.2016","3,7593","3,9940","4,0236","3,6537","","-5,86%"
"21.02.2016","3,9933","4,0206","4,0235","3,9205","","-0,70%"
"14.02.2016","4,0214","4,0027","4,0791","3,9672","","0,47%"
"07.02.2016","4,0027","3,9037","4,0164","3,8820","","2,54%"
"31.01.2016","3,9035","3,9992","4,0280","3,8453","","-2,38%"
"24.01.2016","3,9988","4,0946","4,1251","3,9928","","-2,34%"
"17.01.2016","4,0945","4,0484","4,1738","3,9985","","1,15%"
"10.01.2016","4,0479","4,0245","4,0677","3,9707","","0,58%"
"03.01.2016","4,0245","3,9608","4,0749","3,9590","","1,61%"
"27.12.2015","3,9608","3,9463","4,0200","3,8402","","0,37%"
"20.12.2015","3,9463","3,9823","4,0424","3,9336","","-0,91%"
"13.12.2015","3,9824","3,8730","3,9858","3,8504","","2,82%"
"06.12.2015","3,8730","3,7540","3,8908","3,7165","","3,22%"
"29.11.2015","3,7521","3,8461","3,9243","3,7243","","-2,45%"
"22.11.2015","3,8464","3,7053","3,8491","3,6937","","3,81%"
"15.11.2015","3,7052","3,8453","3,8621","3,7046","","-3,65%"
"08.11.2015","3,8456","3,7713","3,8515","3,7058","","1,97%"
"01.11.2015","3,7713","3,8562","3,8743","3,7425","","-2,21%"
"25.10.2015","3,8564","3,8792","3,9567","3,8241","","-0,63%"
"18.10.2015","3,8807","3,9239","3,9675","3,8466","","-1,12%"
"11.10.2015","3,9245","3,7630","3,9542","3,7552","","4,21%"
"04.10.2015","3,7660","3,9329","3,9516","3,7233","","-4,25%"
"27.09.2015","3,9331","3,9761","4,1548","3,9234","","-1,12%"
"20.09.2015","3,9777","3,9433","4,2491","3,8823","","0,81%"
"13.09.2015","3,9459","3,8733","3,9629","3,8060","","1,95%"
"06.09.2015","3,8705","3,8424","3,9166","3,7643","","0,68%"
"30.08.2015","3,8442","3,5812","3,8617","3,5808","","7,31%"
"23.08.2015","3,5823","3,4998","3,6571","3,4992","","2,33%"
"16.08.2015","3,5007","3,4878","3,5235","3,4488","","0,46%"
"09.08.2015","3,4845","3,5073","3,5294","3,4349","","-0,64%"
"02.08.2015","3,5071","3,4225","3,5711","3,4209","","2,51%"
"26.07.2015","3,4212","3,3541","3,4355","3,3129","","1,95%"
"19.07.2015","3,3556","3,1885","3,3580","3,1639","","5,25%"
"12.07.2015","3,1881","3,1593","3,2039","3,1132","","0,91%"
"05.07.2015","3,1593","3,1341","3,2438","3,1303","","0,78%"
"28.06.2015","3,1347","3,1300","3,1591","3,0861","","0,17%"
"21.06.2015","3,1295","3,0958","3,1433","3,0623","","1,03%"
"14.06.2015","3,0976","3,1190","3,1418","3,0305","","-0,67%"
"07.06.2015","3,1185","3,1433","3,1727","3,0625","","-0,81%"
"31.05.2015","3,1439","3,1785","3,2145","3,1021","","-1,13%"
"24.05.2015","3,1798","3,0957","3,1973","3,0891","","2,74%"
"17.05.2015","3,0949","2,9966","3,1007","2,9947","","3,26%"
"10.05.2015","2,9972","2,9760","3,0788","2,9714","","0,80%"
"03.05.2015","2,9733","3,0163","3,0965","2,9733","","-1,37%"
"26.04.2015","3,0146","2,9516","3,0215","2,8827","","2,13%"
"19.04.2015","2,9517","3,0529","3,0584","2,9501","","-2,93%"
"12.04.2015","3,0409","3,0745","3,1286","2,9988","","-1,13%"
"05.04.2015","3,0756","3,1211","3,1489","3,0232","","-1,45%"
"29.03.2015","3,1210","3,2493","3,2885","3,1178","","-3,96%"
"22.03.2015","3,2496","3,2287","3,2500","3,0923","","0,63%"
"15.03.2015","3,2293","3,2493","3,3176","3,1898","","-0,61%"
"08.03.2015","3,2492","3,0615","3,2813","3,0590","","6,12%"
"01.03.2015","3,0617","2,8392","3,0732","2,8392","","7,84%"
"22.02.2015","2,8390","2,8680","2,9214","2,8267","","-1,01%"
"15.02.2015","2,8680","2,8343","2,8863","2,8284","","1,18%"
"08.02.2015","2,8346","2,7828","2,8834","2,7652","","1,87%"
"01.02.2015","2,7825","2,6824","2,7852","2,6660","","3,73%"
"25.01.2015","2,6824","2,5795","2,6930","2,5655","","3,98%"
"18.01.2015","2,5797","2,6216","2,6650","2,5502","","-1,58%"
"11.01.2015","2,6210","2,6305","2,6827","2,5945","","-0,35%"
"04.01.2015","2,6301","2,6933","2,7306","2,6263","","-2,38%"
"28.12.2014","2,6941","2,6685","2,7133","2,6411","","0,96%"
"21.12.2014","2,6685","2,6603","2,7101","2,6445","","0,33%"
"14.12.2014","2,6598","2,6546","2,7605","2,6398","","0,20%"
"07.12.2014","2,6545","2,5896","2,6780","2,5844","","2,51%"
"30.11.2014","2,5895","2,5654","2,6098","2,5433","","0,92%"
"23.11.2014","2,5659","2,5160","2,5829","2,4954","","2,01%"
"16.11.2014","2,5153","2,6006","2,6190","2,5082","","-3,32%"
"09.11.2014","2,6018","2,5593","2,6301","2,5320","","1,68%"
"02.11.2014","2,5587","2,4787","2,5897","2,4539","","3,24%"
"26.10.2014","2,4783","2,4737","2,5595","2,3932","","0,18%"
"19.10.2014","2,4739","2,4359","2,5186","2,4359","","1,57%"
"12.10.2014","2,4356","2,4294","2,5065","2,3799","","0,25%"
"05.10.2014","2,4295","2,4581","2,4581","2,3563","","-1,19%"
"28.09.2014","2,4588","2,4207","2,5079","2,4207","","1,60%"
"21.09.2014","2,4200","2,3677","2,4436","2,3628","","2,19%"
"14.09.2014","2,3682","2,3393","2,3860","2,3159","","1,24%"
"07.09.2014","2,3392","2,2438","2,3468","2,2396","","4,41%"
"31.08.2014","2,2405","2,2362","2,2571","2,2251","","0,20%"
"24.08.2014","2,2360","2,2775","2,2910","2,2331","","-1,84%"
"17.08.2014","2,2778","2,2599","2,2847","2,2468","","0,80%"
"10.08.2014","2,2598","2,2824","2,2885","2,2565","","-0,94%"
"03.08.2014","2,2812","2,2603","2,3081","2,2479","","1,05%"
"27.07.2014","2,2574","2,2297","2,2849","2,2215","","1,27%"
"20.07.2014","2,2290","2,2250","2,2333","2,2065","","0,16%"
"13.07.2014","2,2255","2,2215","2,2612","2,2099","","0,21%"
"06.07.2014","2,2208","2,2134","2,2287","2,2075","","0,34%"
"29.06.2014","2,2132","2,1936","2,2451","2,1936","","0,88%"
"22.06.2014","2,1940","2,2298","2,2351","2,1869","","-1,59%"
"15.06.2014","2,2295","2,2238","2,2646","2,2230","","0,24%"
"08.06.2014","2,2241","2,2449","2,2460","2,2212","","-1,04%"
"01.06.2014","2,2475","2,2415","2,2921","2,2390","","0,30%"
"25.05.2014","2,2408","2,2219","2,2474","2,2157","","0,78%"
"18.05.2014","2,2235","2,2159","2,2266","2,2003","","0,40%"
"11.05.2014","2,2146","2,2180","2,2285","2,2010","","0,08%"
"04.05.2014","2,2128","2,2299","2,2493","2,1995","","-0,32%"
"27.04.2014","2,2200","2,2421","2,2583","2,2054","","-1,09%"
"20.04.2014","2,2445","2,2370","2,2507","2,2118","","0,33%"
"13.04.2014","2,2372","2,2172","2,2555","2,2055","","0,85%"
"06.04.2014","2,2184","2,2372","2,2496","2,1820","","-0,79%"
"30.03.2014","2,2360","2,2636","2,2889","2,2348","","-1,14%"
"23.03.2014","2,2618","2,3241","2,3348","2,2484","","-2,70%"
"16.03.2014","2,3246","2,3476","2,3604","2,3156","","-0,93%"
"09.03.2014","2,3465","2,3457","2,3766","2,3263","","0,25%"
"02.03.2014","2,3406","2,3384","2,3498","2,2992","","0,09%"
"23.02.2014","2,3384","2,3468","2,3571","2,3178","","-0,31%"
"16.02.2014","2,3456","2,3853","2,4124","2,3417","","-1,82%"
"09.02.2014","2,3891","2,3810","2,4339","2,3788","","0,37%"
"02.02.2014","2,3802","2,4127","2,4405","2,3695","","-1,35%"
"26.01.2014","2,4127","2,4005","2,4506","2,3900","","0,60%"
"19.01.2014","2,3982","2,3425","2,4328","2,3275","","2,37%"
"12.01.2014","2,3426","2,3608","2,3777","2,3383","","-0,67%"
"05.01.2014","2,3584","2,3810","2,4036","2,3547","","-0,76%"
"29.12.2013","2,3765","2,3387","2,4097","2,3259","","1,63%"
"22.12.2013","2,3384","2,3876","2,3876","2,3347","","-2,06%"
"15.12.2013","2,3876","2,3318","2,3892","2,3087","","2,47%"
"08.12.2013","2,3300","2,3312","2,3515","2,3045","","0,14%"
"01.12.2013","2,3267","2,3373","2,3970","2,3217","","-0,39%"
"24.11.2013","2,3358","2,2813","2,3437","2,2768","","2,50%"
"17.11.2013","2,2788","2,3195","2,3196","2,2502","","-1,73%"
"10.11.2013","2,3190","2,3133","2,3486","2,3022","","0,21%"
"03.11.2013","2,3142","2,2521","2,3447","2,2369","","2,55%"
"27.10.2013","2,2567","2,1887","2,2631","2,1738","","3,15%"
"20.10.2013","2,1877","2,1692","2,2096","2,1646","","0,87%"
"13.10.2013","2,1689","2,1790","2,1943","2,1464","","-0,23%"
"06.10.2013","2,1740","2,2076","2,2214","2,1685","","-1,72%"
"29.09.2013","2,2120","2,2567","2,2601","2,1906","","-1,79%"
"22.09.2013","2,2523","2,2105","2,2652","2,1878","","1,90%"
"15.09.2013","2,2102","2,2495","2,2858","2,1795","","-3,07%"
"08.09.2013","2,2803","2,2988","2,3080","2,2600","","-1,14%"
"01.09.2013","2,3066","2,3822","2,4036","2,2800","","-3,34%"
"25.08.2013","2,3862","2,3487","2,4183","2,3203","","1,60%"
"18.08.2013","2,3486","2,3926","2,4553","2,3460","","-1,83%"
"11.08.2013","2,3925","2,2685","2,3981","2,2628","","5,32%"
"04.08.2013","2,2717","2,2885","2,3162","2,2633","","-0,70%"
"28.07.2013","2,2876","2,2525","2,3138","2,2525","","1,36%"
"21.07.2013","2,2568","2,2462","2,2648","2,2104","","0,45%"
"14.07.2013","2,2467","2,2693","2,2725","2,2063","","-0,91%"
"07.07.2013","2,2673","2,2523","2,2805","2,2443","","0,66%"
"30.06.2013","2,2525","2,2295","2,2733","2,2170","","0,91%"
"23.06.2013","2,2321","2,2454","2,2648","2,1751","","-0,44%"
"16.06.2013","2,2420","2,1488","2,2774","2,1431","","4,14%"
"09.06.2013","2,1528","2,1380","2,1669","2,1179","","0,97%"
"02.06.2013","2,1321","2,1445","2,1542","2,0849","","-0,48%"
"26.05.2013","2,1423","2,0517","2,1507","2,0473","","4,41%"
"19.05.2013","2,0518","2,0358","2,0564","2,0266","","0,81%"
"12.05.2013","2,0353","2,0177","2,0417","2,0027","","0,75%"
"05.05.2013","2,0201","2,0105","2,0294","1,9943","","0,55%"
"28.04.2013","2,0091","1,9997","2,0157","1,9903","","0,52%"
"21.04.2013","1,9988","2,0102","2,0298","1,9953","","-0,60%"
"14.04.2013","2,0108","1,9696","2,0226","1,9696","","2,10%"
"07.04.2013","1,9695","1,9886","1,9939","1,9634","","-0,83%"
"31.03.2013","1,9860","2,0186","2,0289","1,9856","","-1,89%"
"24.03.2013","2,0242","2,0101","2,0276","2,0032","","0,75%"
"17.03.2013","2,0091","1,9858","2,0194","1,9754","","1,38%"
"10.03.2013","1,9817","1,9480","1,9848","1,9412","","1,90%"
"03.03.2013","1,9447","1,9830","1,9878","1,9427","","-1,74%"
"24.02.2013","1,9792","1,9743","1,9938","1,9632","","0,33%"
"17.02.2013","1,9727","1,9683","1,9792","1,9528","","0,20%"
"10.02.2013","1,9688","1,9689","1,9733","1,9498","","-0,22%"
"03.02.2013","1,9732","1,9878","1,9975","1,9510","","-0,73%"
"27.01.2013","1,9878","2,0303","2,0366","1,9787","","-2,08%"
"20.01.2013","2,0300","2,0405","2,0511","2,0275","","-0,53%"
"13.01.2013","2,0408","2,0292","2,0460","2,0292","","0,37%"
"06.01.2013","2,0332","2,0343","2,0461","2,0202","","-0,07%"
"30.12.2012","2,0347","2,0478","2,0505","2,0320","","-0,63%"
"23.12.2012","2,0475","2,0772","2,0772","2,0385","","-1,48%"
"16.12.2012","2,0783","2,0858","2,1025","2,0554","","-0,35%"
"09.12.2012","2,0856","2,0748","2,0895","2,0699","","0,53%"
"02.12.2012","2,0747","2,1357","2,1389","2,0713","","-2,87%"
"25.11.2012","2,1361","2,0823","2,1377","2,0716","","2,62%"
"18.11.2012","2,0816","2,0838","2,1172","2,0688","","-0,12%"
"11.11.2012","2,0842","2,0461","2,0873","2,0427","","1,85%"
"04.11.2012","2,0463","2,0311","2,0678","2,0303","","0,72%"
"28.10.2012","2,0316","2,0278","2,0352","2,0272","","0,23%"
"21.10.2012","2,0270","2,0274","2,0313","2,0230","","-0,03%"
"14.10.2012","2,0277","2,0439","2,0439","2,0252","","-0,82%"
"07.10.2012","2,0445","2,0323","2,0445","2,0278","","0,66%"
"30.09.2012","2,0310","2,0292","2,0345","2,0164","","0,26%"
"23.09.2012","2,0257","2,0231","2,0372","2,0227","","0,16%"
"16.09.2012","2,0225","2,0127","2,0368","2,0127","","0,53%"
"09.09.2012","2,0119","2,0286","2,0312","2,0065","","-0,80%"
"02.09.2012","2,0281","2,0302","2,0455","2,0271","","-0,06%"
"26.08.2012","2,0293","2,0256","2,0575","2,0236","","0,11%"
"19.08.2012","2,0271","2,0160","2,0360","2,0052","","0,58%"
"12.08.2012","2,0155","2,0157","2,0310","2,0140","","0,03%"
"05.08.2012","2,0149","2,0299","2,0362","2,0128","","-0,66%"
"29.07.2012","2,0282","2,0210","2,0570","2,0210","","0,35%"
"22.07.2012","2,0212","2,0229","2,0521","2,0079","","-0,12%"
"15.07.2012","2,0236","2,0357","2,0434","2,0092","","-0,66%"
"08.07.2012","2,0370","2,0260","2,0519","2,0227","","0,44%"
"01.07.2012","2,0281","2,0054","2,0416","1,9778","","0,93%"
"24.06.2012","2,0095","2,0667","2,0991","2,0042","","-2,81%"
"17.06.2012","2,0675","2,0445","2,0690","2,0217","","0,93%"
"10.06.2012","2,0484","2,0202","2,0751","2,0148","","1,34%"
"03.06.2012","2,0213","2,0404","2,0627","2,0118","","-0,92%"
"27.05.2012","2,0400","1,9827","2,0502","1,9699","","2,79%"
"20.05.2012","1,9846","2,0208","2,1062","1,9827","","-1,93%"
"13.05.2012","2,0237","1,9668","2,0588","1,9668","","2,93%"
"06.05.2012","1,9660","1,9272","1,9726","1,9184","","2,00%"
"29.04.2012","1,9275","1,8893","1,9367","1,8829","","2,20%"
"22.04.2012","1,8861","1,8762","1,8914","1,8725","","0,73%"
"15.04.2012","1,8724","1,8375","1,8942","1,8314","","1,92%"
"08.04.2012","1,8372","1,8260","1,8436","1,8153","","0,87%"
"01.04.2012","1,8214","1,8260","1,8358","1,8188","","-0,27%"
"25.03.2012","1,8264","1,8112","1,8375","1,8039","","0,87%"
"18.03.2012","1,8106","1,8033","1,8354","1,8013","","0,57%"
"11.03.2012","1,8003","1,7904","1,8327","1,7849","","0,50%"
"04.03.2012","1,7914","1,7301","1,7958","1,7249","","3,48%"
"26.02.2012","1,7311","1,7095","1,7364","1,6870","","1,27%"
"19.02.2012","1,7094","1,7176","1,7176","1,6959","","-0,33%"
"12.02.2012","1,7150","1,7225","1,7380","1,7095","","-0,34%"
"05.02.2012","1,7208","1,7184","1,7350","1,7120","","0,27%"
"29.01.2012","1,7161","1,7461","1,7573","1,7131","","-1,23%"
"22.01.2012","1,7374","1,7557","1,7692","1,7315","","-0,99%"
"15.01.2012","1,7548","1,7862","1,7893","1,7547","","-1,69%"
"08.01.2012","1,7849","1,8563","1,8569","1,7684","","-3,93%"
"01.01.2012","1,8579","1,8661","1,8750","1,8195","","-0,28%"
"25.12.2011","1,8632","1,8575","1,8884","1,8512","","0,35%"
"18.12.2011","1,8567","1,8504","1,8714","1,8363","","0,25%"
"11.12.2011","1,8520","1,7979","1,8848","1,7972","","3,01%"
"04.12.2011","1,7979","1,7909","1,8272","1,7755","","0,37%"
"27.11.2011","1,7912","1,8620","1,8715","1,7770","","-5,33%"
"20.11.2011","1,8920","1,8047","1,9145","1,7978","","5,94%"
"13.11.2011","1,7860","1,7458","1,7908","1,7445","","2,50%"
"06.11.2011","1,7424","1,7528","1,7835","1,7320","","-0,58%"
"30.10.2011","1,7525","1,6725","1,7625","1,6725","","4,78%"
"23.10.2011","1,6725","1,7751","1,7851","1,6711","","-5,76%"
"16.10.2011","1,7748","1,7319","1,8090","1,7319","","2,48%"
"09.10.2011","1,7319","1,7755","1,7835","1,7255","","-2,25%"
"02.10.2011","1,7717","1,8777","1,9175","1,7518","","-5,71%"
"25.09.2011","1,8790","1,8335","1,8930","1,7915","","2,49%"
"18.09.2011","1,8333","1,7334","1,9504","1,7323","","5,81%"
"11.09.2011","1,7327","1,6747","1,7387","1,6747","","3,57%"
"04.09.2011","1,6729","1,6575","1,6852","1,6419","","1,91%"
"28.08.2011","1,6415","1,6042","1,6475","1,5807","","2,40%"
"21.08.2011","1,6031","1,5975","1,6180","1,5858","","0,21%"
"14.08.2011","1,5998","1,6130","1,6135","1,5773","","-0,70%"
"07.08.2011","1,6110","1,5880","1,6586","1,5856","","2,23%"
"31.07.2011","1,5759","1,5501","1,6015","1,5450","","1,74%"
"24.07.2011","1,5490","1,5537","1,5735","1,5280","","-0,21%"
"17.07.2011","1,5522","1,5743","1,5846","1,5507","","-1,42%"
"10.07.2011","1,5746","1,5619","1,5854","1,5619","","0,59%"
"03.07.2011","1,5654","1,5563","1,5735","1,5513","","0,52%"
"26.06.2011","1,5573","1,6034","1,6045","1,5528","","-2,94%"
"19.06.2011","1,6044","1,5967","1,6082","1,5840","","0,40%"
"12.06.2011","1,5980","1,5963","1,6163","1,5790","","0,11%"
"05.06.2011","1,5963","1,5750","1,6010","1,5736","","1,29%"
"29.05.2011","1,5760","1,5945","1,5974","1,5703","","-1,16%"
"22.05.2011","1,5945","1,6215","1,6403","1,5932","","-1,73%"
"15.05.2011","1,6225","1,6359","1,6392","1,6050","","-0,83%"
"08.05.2011","1,6361","1,6155","1,6457","1,6015","","1,29%"
"01.05.2011","1,6153","1,5768","1,6286","1,5684","","2,40%"
"24.04.2011","1,5775","1,5620","1,5956","1,5565","","0,86%"
"17.04.2011","1,5640","1,5766","1,6000","1,5612","","-0,75%"
"10.04.2011","1,5758","1,5689","1,5966","1,5689","","0,44%"
"03.04.2011","1,5689","1,6203","1,6208","1,5669","","-3,60%"
"27.03.2011","1,6275","1,6580","1,6650","1,6054","","-2,05%"
"20.03.2011","1,6615","1,6682","1,6689","1,6550","","-0,24%"
"13.03.2011","1,6655","1,6658","1,6937","1,6597","","0,03%"
"06.03.2011","1,6650","1,6551","1,6696","1,6444","","0,57%"
"27.02.2011","1,6555","1,6627","1,6676","1,6423","","-0,46%"
"20.02.2011","1,6632","1,6643","1,6770","1,6575","","0,02%"
"13.02.2011","1,6628","1,6648","1,6745","1,6568","","-0,17%"
"06.02.2011","1,6656","1,6736","1,6803","1,6551","","-0,47%"
"30.01.2011","1,6735","1,6847","1,6860","1,6605","","-0,52%"
"23.01.2011","1,6823","1,6769","1,6870","1,6621","","0,35%"
"16.01.2011","1,6764","1,6866","1,6870","1,6655","","-0,55%"
"09.01.2011","1,6856","1,6828","1,6967","1,6652","","0,14%"
"02.01.2011","1,6832","1,6598","1,6945","1,6433","","1,43%"
"26.12.2010","1,6595","1,6909","1,6938","1,6593","","-1,86%"
"19.12.2010","1,6909","1,7143","1,7149","1,6882","","-1,34%"
"12.12.2010","1,7138","1,7069","1,7184","1,6877","","0,42%"
"05.12.2010","1,7066","1,6849","1,7222","1,6675","","1,13%"
"28.11.2010","1,6875","1,7269","1,7345","1,6835","","-2,28%"
"21.11.2010","1,7269","1,7154","1,7415","1,7095","","0,67%"
"14.11.2010","1,7154","1,7219","1,7428","1,7067","","-0,38%"
"07.11.2010","1,7219","1,6788","1,7279","1,6788","","2,59%"
"31.10.2010","1,6785","1,7008","1,7090","1,6681","","-1,33%"
"24.10.2010","1,7012","1,7059","1,7252","1,6932","","-0,28%"
"17.10.2010","1,7059","1,6655","1,7130","1,6587","","2,42%"
"10.10.2010","1,6656","1,6658","1,6716","1,6433","","0,00%"
"03.10.2010","1,6656","1,6907","1,7033","1,6625","","-1,43%"
"26.09.2010","1,6897","1,7124","1,7145","1,6717","","-1,12%"
"19.09.2010","1,7088","1,7212","1,7355","1,7020","","-0,75%"
"12.09.2010","1,7217","1,7218","1,7293","1,7023","","-0,01%"
"05.09.2010","1,7218","1,7327","1,7377","1,7153","","-0,62%"
"29.08.2010","1,7325","1,7497","1,7643","1,7142","","-0,96%"
"22.08.2010","1,7493","1,7581","1,7822","1,7484","","-0,39%"
"15.08.2010","1,7562","1,7724","1,7732","1,7453","","-0,91%"
"08.08.2010","1,7723","1,7578","1,7800","1,7465","","0,70%"
"01.08.2010","1,7600","1,7558","1,7650","1,7449","","0,34%"
"25.07.2010","1,7540","1,7742","1,7750","1,7535","","-1,08%"
"18.07.2010","1,7732","1,7845","1,8002","1,7523","","-0,55%"
"11.07.2010","1,7830","1,7589","1,7882","1,7486","","1,39%"
"04.07.2010","1,7585","1,7670","1,7864","1,7490","","-0,71%"
"27.06.2010","1,7710","1,7766","1,8185","1,7677","","-0,42%"
"20.06.2010","1,7785","1,7713","1,8084","1,7490","","0,41%"
"13.06.2010","1,7713","1,8092","1,8128","1,7668","","-2,09%"
"06.06.2010","1,8092","1,8630","1,8826","1,7960","","-2,98%"
"30.05.2010","1,8647","1,8167","1,8687","1,7837","","2,61%"
"23.05.2010","1,8173","1,8534","1,9162","1,7990","","-1,93%"
"16.05.2010","1,8530","1,7985","1,9048","1,7804","","2,98%"
"09.05.2010","1,7993","1,8388","1,8388","1,7657","","-2,05%"
"02.05.2010","1,8370","1,7375","1,8964","1,7255","","5,73%"
"25.04.2010","1,7375","1,7573","1,7762","1,7225","","-1,09%"
"18.04.2010","1,7567","1,7606","1,7720","1,7445","","-0,05%"
"11.04.2010","1,7575","1,7637","1,7713","1,7316","","-0,44%"
"04.04.2010","1,7652","1,7645","1,7902","1,7500","","0,01%"
"28.03.2010","1,7650","1,8186","1,8189","1,7635","","-2,92%"
"21.03.2010","1,8181","1,8009","1,8307","1,7748","","0,96%"
"14.03.2010","1,8009","1,7636","1,8030","1,7583","","2,15%"
"07.03.2010","1,7630","1,7781","1,8020","1,7572","","-0,87%"
"28.02.2010","1,7784","1,8065","1,8144","1,7742","","-1,59%"
"21.02.2010","1,8072","1,7988","1,8411","1,7874","","0,15%"
"14.02.2010","1,8045","1,8620","1,8620","1,7925","","-2,51%"
"07.02.2010","1,8509","1,8862","1,8942","1,8357","","-1,65%"
"31.01.2010","1,8820","1,8690","1,8985","1,8100","","-0,16%"
"24.01.2010","1,8850","1,8148","1,8971","1,8090","","3,79%"
"17.01.2010","1,8162","1,7710","1,8331","1,7585","","2,51%"
"10.01.2010","1,7717","1,7260","1,7742","1,7145","","2,64%"
"03.01.2010","1,7262","1,7293","1,7522","1,7140","","-0,96%"
"27.12.2009","1,7430","1,7470","1,7501","1,7269","","-1,11%"
"20.12.2009","1,7625","1,7790","1,7902","1,7500","","-0,98%"
"13.12.2009","1,7800","1,7576","1,8011","1,7390","","1,17%"
"06.12.2009","1,7594","1,7308","1,7755","1,7193","","1,58%"
"29.11.2009","1,7320","1,7410","1,7595","1,7005","","-0,49%"
"22.11.2009","1,7405","1,7297","1,7610","1,7150","","0,49%"
"15.11.2009","1,7320","1,7170","1,7404","1,7035","","0,62%"
"08.11.2009","1,7213","1,7203","1,7441","1,6928","","0,18%"
"01.11.2009","1,7182","1,7633","1,7803","1,7095","","-2,57%"
"25.10.2009","1,7635","1,7140","1,7817","1,7015","","2,66%"
"18.10.2009","1,7178","1,7088","1,7692","1,7048","","0,60%"
"11.10.2009","1,7075","1,7325","1,7393","1,6970","","-2,05%"
"04.10.2009","1,7432","1,7838","1,7838","1,7338","","-2,17%"
"27.09.2009","1,7818","1,7875","1,8074","1,7593","","-0,51%"
"20.09.2009","1,7910","1,8080","1,8277","1,7810","","-1,01%"
"13.09.2009","1,8093","1,8302","1,8385","1,7922","","-1,21%"
"06.09.2009","1,8315","1,8420","1,8436","1,8031","","-0,65%"
"30.08.2009","1,8435","1,8832","1,9237","1,8370","","-2,01%"
"23.08.2009","1,8813","1,8313","1,8923","1,8213","","2,77%"
"16.08.2009","1,8306","1,8701","1,8836","1,8224","","-1,03%"
"09.08.2009","1,8496","1,8202","1,8620","1,8126","","1,60%"
"02.08.2009","1,8205","1,8649","1,8659","1,8066","","-2,39%"
"26.07.2009","1,8650","1,8958","1,9093","1,8610","","-1,62%"
"19.07.2009","1,8958","1,9260","1,9260","1,8814","","-1,55%"
"12.07.2009","1,9256","1,9946","2,0113","1,9181","","-3,48%"
"05.07.2009","1,9950","1,9501","2,0280","1,9435","","2,34%"
"28.06.2009","1,9494","1,9343","1,9683","1,9237","","0,82%"
"21.06.2009","1,9335","1,9768","2,0381","1,9213","","-2,08%"
"14.06.2009","1,9745","1,9255","1,9990","1,9233","","2,50%"
"07.06.2009","1,9263","1,9585","1,9845","1,9159","","-1,72%"
"31.05.2009","1,9600","1,9715","1,9795","1,9083","","-0,58%"
"24.05.2009","1,9715","2,0260","2,0477","1,9650","","-2,71%"
"17.05.2009","2,0264","2,1125","2,1125","2,0110","","-4,08%"
"10.05.2009","2,1126","2,0620","2,1249","2,0459","","2,45%"
"03.05.2009","2,0621","2,1734","2,1734","2,0594","","-5,15%"
"26.04.2009","2,1740","2,1833","2,2380","2,1590","","-0,40%"
"19.04.2009","2,1828","2,1935","2,2487","2,1773","","-0,43%"
"12.04.2009","2,1923","2,1705","2,2226","2,1605","","0,98%"
"05.04.2009","2,1710","2,2105","2,2454","2,1674","","-1,72%"
"29.03.2009","2,2090","2,2905","2,3381","2,1940","","-3,54%"
"22.03.2009","2,2900","2,2645","2,2951","2,2155","","0,84%"
"15.03.2009","2,2710","2,2989","2,3082","2,2229","","-1,45%"
"08.03.2009","2,3043","2,3800","2,3925","2,2722","","-3,01%"
"01.03.2009","2,3758","2,3918","2,4517","2,3548","","-0,65%"
"22.02.2009","2,3914","2,3796","2,4085","2,3417","","0,10%"
"15.02.2009","2,3891","2,2546","2,3997","2,2546","","5,92%"
"08.02.2009","2,2555","2,2576","2,3168","2,2282","","-0,07%"
"01.02.2009","2,2570","2,3227","2,3715","2,2421","","-2,72%"
"25.01.2009","2,3200","2,3302","2,3448","2,2460","","-0,44%"
"18.01.2009","2,3302","2,3415","2,3788","2,3095","","-0,50%"
"11.01.2009","2,3420","2,2520","2,4010","2,2520","","4,00%"
"04.01.2009","2,2519","2,3312","2,3325","2,1580","","-3,02%"
"28.12.2008","2,3220","2,3760","2,4215","2,3015","","-2,27%"
"21.12.2008","2,3760","2,3535","2,4165","2,3462","","0,99%"
"14.12.2008","2,3528","2,3993","2,4695","2,3063","","-1,97%"
"07.12.2008","2,4000","2,4372","2,5473","2,2829","","-1,28%"
"30.11.2008","2,4310","2,3040","2,6213","2,2965","","5,54%"
"23.11.2008","2,3034","2,4768","2,4768","2,2059","","-6,98%"
"16.11.2008","2,4762","2,2245","2,4785","2,2245","","11,36%"
"09.11.2008","2,2235","2,1567","2,3997","2,1075","","3,54%"
"02.11.2008","2,1474","2,1645","2,2405","2,0875","","-0,78%"
"26.10.2008","2,1642","2,3105","2,3555","2,0856","","-6,35%"
"19.10.2008","2,3110","2,1210","2,5310","2,0825","","8,93%"
"12.10.2008","2,1215","2,2130","2,2655","2,0385","","-8,28%"
"05.10.2008","2,3130","2,0480","2,4510","2,0445","","12,98%"
"28.09.2008","2,0472","1,8515","2,0673","1,8515","","10,99%"
"21.09.2008","1,8445","1,8320","1,8750","1,7860","","0,80%"
"14.09.2008","1,8298","1,7831","1,9607","1,7808","","2,66%"
"07.09.2008","1,7824","1,7315","1,8384","1,6844","","3,93%"
"31.08.2008","1,7150","1,6415","1,7503","1,6390","","5,21%"
"24.08.2008","1,6300","1,6268","1,6455","1,6170","","0,15%"
"17.08.2008","1,6275","1,6260","1,6493","1,6063","","-0,74%"
"10.08.2008","1,6397","1,6076","1,6435","1,6031","","2,00%"
"03.08.2008","1,6076","1,5615","1,6238","1,5592","","3,06%"
"27.07.2008","1,5598","1,5771","1,5780","1,5542","","-0,85%"
"20.07.2008","1,5732","1,5888","1,5895","1,5692","","-1,03%"
"13.07.2008","1,5895","1,6005","1,6030","1,5859","","-0,72%"
"06.07.2008","1,6010","1,6095","1,6207","1,5938","","-0,37%"
"29.06.2008","1,6070","1,5963","1,6150","1,5885","","0,75%"
"22.06.2008","1,5950","1,6060","1,6166","1,5885","","-0,68%"
"15.06.2008","1,6060","1,6362","1,6362","1,6001","","-1,79%"
"08.06.2008","1,6353","1,6308","1,6522","1,6206","","0,11%"
"01.06.2008","1,6335","1,6260","1,6373","1,6150","","0,43%"
"25.05.2008","1,6265","1,6600","1,6747","1,6241","","-2,02%"
"18.05.2008","1,6600","1,6401","1,6658","1,6376","","1,18%"
"11.05.2008","1,6406","1,6845","1,6845","1,6400","","-2,64%"
"04.05.2008","1,6850","1,6490","1,7060","1,6487","","2,18%"
"27.04.2008","1,6490","1,6685","1,7129","1,6433","","-1,08%"
"20.04.2008","1,6670","1,6680","1,6818","1,6510","","-0,06%"
"13.04.2008","1,6680","1,6895","1,6958","1,6471","","-1,33%"
"06.04.2008","1,6905","1,7100","1,7100","1,6765","","-1,11%"
"30.03.2008","1,7095","1,7435","1,7646","1,7035","","-2,02%"
"23.03.2008","1,7447","1,7330","1,7515","1,7175","","0,74%"
"16.03.2008","1,7318","1,7135","1,7531","1,6820","","1,00%"
"09.03.2008","1,7147","1,6850","1,7255","1,6715","","1,62%"
"02.03.2008","1,6873","1,6927","1,7027","1,6607","","-0,24%"
"24.02.2008","1,6914","1,7080","1,7115","1,6612","","-0,90%"
"17.02.2008","1,7067","1,7480","1,7535","1,6919","","-2,67%"
"10.02.2008","1,7535","1,7705","1,7720","1,7325","","-0,99%"
"03.02.2008","1,7710","1,7460","1,7820","1,7387","","1,43%"
"27.01.2008","1,7460","1,7870","1,7994","1,7362","","-2,16%"
"20.01.2008","1,7845","1,7780","1,8407","1,7740","","-0,24%"
"13.01.2008","1,7888","1,7555","1,7993","1,7285","","2,36%"
"06.01.2008","1,7476","1,7655","1,7820","1,7435","","-0,51%"
"30.12.2007","1,7565","1,7817","1,7875","1,7409","","-1,41%"
"23.12.2007","1,7817","1,7916","1,7929","1,7491","","-0,39%"
"16.12.2007","1,7887","1,7956","1,8230","1,7816","","-0,45%"
"09.12.2007","1,7967","1,7580","1,8020","1,7510","","2,15%"
"02.12.2007","1,7588","1,7901","1,8320","1,7560","","-2,19%"
"25.11.2007","1,7982","1,8032","1,8723","1,7660","","-0,26%"
"18.11.2007","1,8028","1,7418","1,8078","1,7418","","3,22%"
"11.11.2007","1,7465","1,7440","1,8005","1,7300","","0,01%"
"04.11.2007","1,7464","1,7520","1,7650","1,7247","","-0,32%"
"28.10.2007","1,7520","1,7775","1,7778","1,7292","","-0,96%"
"21.10.2007","1,7689","1,8391","1,8411","1,7651","","-1,88%"
"14.10.2007","1,8028","1,8020","1,8340","1,7790","","0,04%"
"07.10.2007","1,8020","1,8070","1,8230","1,7810","","-0,06%"
"30.09.2007","1,8030","1,8325","1,8480","1,8010","","-1,64%"
"23.09.2007","1,8330","1,8680","1,8800","1,8300","","-1,87%"
"16.09.2007","1,8680","1,9010","1,9260","1,8515","","-1,74%"
"09.09.2007","1,9010","1,9610","1,9715","1,8916","","-3,11%"
"02.09.2007","1,9620","1,9620","1,9775","1,9455","","-0,31%"
"26.08.2007","1,9681","1,9429","2,0175","1,9385","","1,33%"
"19.08.2007","1,9422","2,0240","2,0620","1,9410","","-4,05%"
"12.08.2007","2,0241","1,9450","2,1401","1,9282","","3,87%"
"05.08.2007","1,9487","1,9027","1,9700","1,8805","","2,56%"
"29.07.2007","1,9001","1,8940","1,9075","1,8610","","0,32%"
"22.07.2007","1,8941","1,8540","1,9440","1,8365","","2,05%"
"15.07.2007","1,8561","1,8620","1,8755","1,8499","","-0,33%"
"08.07.2007","1,8622","1,9030","1,9110","1,8608","","-2,14%"
"01.07.2007","1,9030","1,9260","1,9290","1,8990","","-1,35%"
"24.06.2007","1,9290","1,9425","1,9680","1,9180","","-0,71%"
"17.06.2007","1,9428","1,9110","1,9471","1,8945","","1,61%"
"10.06.2007","1,9120","1,9590","1,9660","1,9040","","-2,46%"
"03.06.2007","1,9602","1,9010","1,9910","1,9008","","3,02%"
"27.05.2007","1,9027","1,9509","1,9635","1,8990","","-2,48%"
"20.05.2007","1,9511","1,9600","1,9760","1,9325","","-0,38%"
"13.05.2007","1,9585","2,0192","2,0192","1,9500","","-2,94%"
"06.05.2007","2,0178","2,0345","2,0345","2,0125","","-0,89%"
"29.04.2007","2,0360","2,0310","2,0385","2,0080","","0,21%"
"22.04.2007","2,0318","2,0276","2,0419","2,0152","","0,29%"
"15.04.2007","2,0259","2,0213","2,0412","2,0122","","0,26%"
"08.04.2007","2,0206","2,0329","2,0439","2,0176","","-0,54%"
"01.04.2007","2,0316","2,0600","2,0600","2,0270","","-1,33%"
"25.03.2007","2,0590","2,0610","2,0800","2,0247","","-0,19%"
"18.03.2007","2,0630","2,0920","2,0920","2,0496","","-1,43%"
"11.03.2007","2,0930","2,0950","2,1170","2,0844","","-0,22%"
"04.03.2007","2,0976","2,1310","2,1520","2,0925","","-1,57%"
"25.02.2007","2,1310","2,0890","2,1500","2,0773","","1,99%"
"18.02.2007","2,0895","2,0921","2,0936","2,0638","","-0,12%"
"11.02.2007","2,0921","2,1093","2,1203","2,0822","","-0,94%"
"04.02.2007","2,1120","2,1056","2,1135","2,0741","","0,35%"
"28.01.2007","2,1046","2,1376","2,1405","2,0777","","-1,49%"
"21.01.2007","2,1365","2,1308","2,1425","2,1260","","0,31%"
"14.01.2007","2,1300","2,1400","2,1470","2,1270","","-0,47%"
"07.01.2007","2,1400","2,1518","2,1620","2,1379","","-0,53%"
"31.12.2006","2,1515","2,1360","2,1570","2,1300","","0,70%"
"24.12.2006","2,1365","2,1475","2,1510","2,1302","","-0,51%"
"17.12.2006","2,1475","2,1460","2,1640","2,1421","","0,07%"
"10.12.2006","2,1460","2,1397","2,1540","2,1360","","0,29%"
"03.12.2006","2,1397","2,1650","2,1750","2,1367","","-1,26%"
"26.11.2006","2,1670","2,1700","2,2050","2,1600","","-0,09%"
"19.11.2006","2,1690","2,1610","2,1750","2,1560","","0,49%"
"12.11.2006","2,1585","2,1515","2,1720","2,1426","","0,30%"
"05.11.2006","2,1520","2,1383","2,1540","2,1307","","0,54%"
"29.10.2006","2,1405","2,1366","2,1520","2,1250","","0,25%"
"22.10.2006","2,1352","2,1390","2,1595","2,1270","","-0,16%"
"15.10.2006","2,1387","2,1342","2,1527","2,1212","","0,06%"
"08.10.2006","2,1375","2,1620","2,1735","2,1340","","-1,13%"
"01.10.2006","2,1620","2,1680","2,1800","2,1520","","-0,57%"
"24.09.2006","2,1743","2,2080","2,2370","2,1560","","-1,50%"
"17.09.2006","2,2075","2,1535","2,2280","2,1395","","2,59%"
"10.09.2006","2,1517","2,1590","2,1886","2,1475","","-0,32%"
"03.09.2006","2,1586","2,1390","2,1650","2,1212","","0,92%"
"27.08.2006","2,1390","2,1515","2,1618","2,1215","","-0,79%"
"20.08.2006","2,1561","2,1420","2,1693","2,1254","","0,43%"
"13.08.2006","2,1469","2,1770","2,1770","2,1250","","-0,85%"
"06.08.2006","2,1653","2,1905","2,1922","2,1530","","-0,73%"
"30.07.2006","2,1813","2,1735","2,1985","2,1655","","0,27%"
"23.07.2006","2,1754","2,1985","2,2165","2,1730","","-1,05%"
"16.07.2006","2,1985","2,2155","2,2215","2,1739","","-0,77%"
"09.07.2006","2,2155","2,1908","2,2256","2,1675","","1,54%"
"02.07.2006","2,1820","2,1605","2,2109","2,1545","","0,74%"
"25.06.2006","2,1659","2,2220","2,2447","2,1535","","-2,94%"
"18.06.2006","2,2315","2,2465","2,2670","2,2246","","-0,78%"
"11.06.2006","2,2490","2,2595","2,3355","2,2375","","-0,45%"
"04.06.2006","2,2592","2,2760","2,2915","2,2326","","-0,76%"
"28.05.2006","2,2765","2,2343","2,3685","2,2110","","1,56%"
"21.05.2006","2,2415","2,2095","2,4050","2,2090","","1,49%"
"14.05.2006","2,2085","2,1450","2,2171","2,1240","","2,98%"
"07.05.2006","2,1445","2,0555","2,1516","2,0500","","4,33%"
"30.04.2006","2,0555","2,0870","2,0905","2,0521","","-1,51%"
"23.04.2006","2,0870","2,1214","2,1405","2,0830","","-1,62%"
"16.04.2006","2,1214","2,1405","2,1439","2,1085","","-0,89%"
"09.04.2006","2,1405","2,1492","2,1605","2,1235","","-0,40%"
"02.04.2006","2,1490","2,1658","2,1765","2,1171","","-0,69%"
"26.03.2006","2,1640","2,1731","2,2458","2,1610","","0,23%"
"19.03.2006","2,1590","2,1335","2,1814","2,1181","","1,65%"
"12.03.2006","2,1240","2,1370","2,1490","2,0965","","-0,62%"
"05.03.2006","2,1373","2,1200","2,1973","2,1125","","1,21%"
"26.02.2006","2,1118","2,1320","2,1538","2,1025","","-1,29%"
"19.02.2006","2,1395","2,1245","2,1870","2,1045","","0,71%"
"12.02.2006","2,1245","2,1640","2,1734","2,1010","","-1,71%"
"05.02.2006","2,1615","2,2095","2,2095","2,1466","","-2,19%"
"29.01.2006","2,2100","2,2215","2,2405","2,1965","","0,00%"
"22.01.2006","2,2100","2,2830","2,2830","2,2015","","-3,01%"
"15.01.2006","2,2787","2,2830","2,3404","2,2615","","0,27%"
"08.01.2006","2,2725","2,2820","2,2878","2,2385","","-0,46%"
"01.01.2006","2,2830","2,3340","2,3545","2,2655","","-2,36%"
"25.12.2005","2,3383","2,3165","2,3655","2,3150","","1,01%"
"18.12.2005","2,3150","2,3474","2,4005","2,2905","","-0,94%"
"11.12.2005","2,3370","2,2535","2,3510","2,2415","","3,77%"
"04.12.2005","2,2520","2,2080","2,2595","2,1590","","1,98%"
"27.11.2005","2,2083","2,2343","2,2421","2,1845","","-1,15%"
"20.11.2005","2,2340","2,2265","2,2685","2,2090","","0,36%"
"13.11.2005","2,2260","2,1915","2,2309","2,1800","","2,98%"
"06.11.2005","2,1615","2,2065","2,2145","2,1525","","-2,28%"
"30.10.2005","2,2120","2,2625","2,2725","2,2090","","-2,34%"
"23.10.2005","2,2650","2,2615","2,2960","2,2545","","0,09%"
"16.10.2005","2,2630","2,2435","2,2815","2,2230","","0,80%"
"09.10.2005","2,2450","2,2475","2,2845","2,2290","","-0,22%"
"02.10.2005","2,2499","2,2370","2,3060","2,2235","","1,01%"
"25.09.2005","2,2275","2,2640","2,2716","2,2060","","-1,63%"
"18.09.2005","2,2645","2,2988","2,3115","2,2600","","-1,49%"
"11.09.2005","2,2988","2,3100","2,3412","2,2850","","-0,48%"
"04.09.2005","2,3100","2,3305","2,3425","2,3070","","-0,88%"
"28.08.2005","2,3305","2,4025","2,4185","2,3285","","-3,00%"
"21.08.2005","2,4025","2,4492","2,4585","2,3715","","-1,93%"
"14.08.2005","2,4497","2,3780","2,4496","2,3155","","3,19%"
"07.08.2005","2,3740","2,3085","2,4039","2,2629","","2,62%"
"31.07.2005","2,3134","2,3850","2,3975","2,2830","","-2,80%"
"24.07.2005","2,3800","2,3985","2,5127","2,3735","","-0,77%"
"17.07.2005","2,3985","2,3385","2,3995","2,3215","","2,59%"
"10.07.2005","2,3380","2,3735","2,3765","2,3226","","-1,55%"
"03.07.2005","2,3749","2,3560","2,4080","2,3380","","0,78%"
"26.06.2005","2,3565","2,3855","2,3921","2,3270","","-0,74%"
"19.06.2005","2,3740","2,3855","2,4085","2,3600","","0,11%"
"12.06.2005","2,3715","2,4725","2,4795","2,3670","","-4,11%"
"05.06.2005","2,4731","2,4255","2,5060","2,4245","","1,98%"
"29.05.2005","2,4250","2,3852","2,4705","2,3635","","1,76%"
"22.05.2005","2,3830","2,4400","2,4450","2,3830","","-2,40%"
"15.05.2005","2,4417","2,4735","2,4895","2,4383","","-1,29%"
"08.05.2005","2,4735","2,4600","2,4920","2,4420","","0,67%"
"01.05.2005","2,4570","2,5282","2,5300","2,4460","","-2,82%"
"24.04.2005","2,5282","2,5360","2,5560","2,5060","","-0,37%"
"17.04.2005","2,5375","2,6180","2,6270","2,5289","","-2,96%"
"10.04.2005","2,6148","2,5850","2,6200","2,5490","","1,15%"
"03.04.2005","2,5850","2,6580","2,6735","2,5785","","-2,78%"
"27.03.2005","2,6588","2,7392","2,7515","2,6420","","-2,91%"
"20.03.2005","2,7385","2,7210","2,7630","2,6950","","0,83%"
"13.03.2005","2,7160","2,7180","2,7858","2,7060","","-0,03%"
"06.03.2005","2,7168","2,6540","2,7410","2,6480","","2,29%"
"27.02.2005","2,6560","2,6175","2,6975","2,5815","","1,48%"
"20.02.2005","2,6172","2,5660","2,6515","2,5650","","1,58%"
"13.02.2005","2,5765","2,6030","2,6050","2,5490","","-1,00%"
"06.02.2005","2,6025","2,6120","2,6455","2,5940","","-0,04%"
"30.01.2005","2,6035","2,6510","2,6520","2,5855","","-1,57%"
"23.01.2005","2,6450","2,6920","2,6920","2,6440","","-1,55%"
"16.01.2005","2,6867","2,6992","2,7290","2,6810","","-0,55%"
"09.01.2005","2,7015","2,7100","2,7320","2,6860","","-0,39%"
"02.01.2005","2,7120","2,6610","2,7340","2,6520","","2,11%"
"26.12.2004","2,6560","2,7010","2,7085","2,6460","","-1,30%"
"19.12.2004","2,6910","2,7090","2,7150","2,6650","","-0,77%"
"12.12.2004","2,7120","2,7740","2,7765","2,7060","","-2,27%"
"05.12.2004","2,7750","2,7085","2,8065","2,6965","","2,46%"
"28.11.2004","2,7085","2,7340","2,7550","2,6880","","-1,04%"
"21.11.2004","2,7370","2,7840","2,7840","2,7195","","-1,71%"
"14.11.2004","2,7845","2,7870","2,7950","2,7500","","-0,22%"
"07.11.2004","2,7905","2,8210","2,8420","2,7880","","-1,03%"
"31.10.2004","2,8195","2,8575","2,8725","2,8085","","-1,39%"
"24.10.2004","2,8592","2,8680","2,8910","2,8500","","-0,41%"
"17.10.2004","2,8710","2,8550","2,8950","2,8370","","0,51%"
"10.10.2004","2,8565","2,8275","2,8965","2,8155","","0,85%"
"03.10.2004","2,8325","2,8395","2,8585","2,8075","","-0,12%"
"26.09.2004","2,8360","2,8680","2,8790","2,8340","","-1,20%"
"19.09.2004","2,8705","2,8665","2,8895","2,8545","","0,09%"
"12.09.2004","2,8680","2,9000","2,9160","2,8650","","-1,22%"
"05.09.2004","2,9035","2,9295","2,9295","2,8925","","-0,79%"
"29.08.2004","2,9265","2,9515","2,9625","2,9215","","-0,88%"
"22.08.2004","2,9525","2,9665","2,9795","2,9455","","-0,47%"
"15.08.2004","2,9665","3,0210","3,0305","2,9615","","-1,80%"
"08.08.2004","3,0210","3,0310","3,0440","3,0140","","-0,40%"
"01.08.2004","3,0330","3,0360","3,0780","3,0300","","-0,15%"
"25.07.2004","3,0375","3,0555","3,0795","3,0205","","-0,61%"
"18.07.2004","3,0560","2,9990","3,0610","2,9860","","1,87%"
"11.07.2004","3,0000","3,0390","3,0540","2,9920","","-1,40%"
"04.07.2004","3,0425","3,0370","3,0630","3,0200","","0,13%"
"27.06.2004","3,0385","3,1095","3,1365","3,0365","","-2,30%"
"20.06.2004","3,1100","3,1400","3,1370","3,0910","","-0,99%"
"13.06.2004","3,1410","3,1430","3,1690","3,1180","","0,03%"
"06.06.2004","3,1400","3,1290","3,1480","3,0950","","0,32%"
"30.05.2004","3,1300","3,0870","3,1990","3,0790","","1,26%"
"23.05.2004","3,0910","3,1890","3,1990","3,0890","","-3,19%"
"16.05.2004","3,1930","3,0870","3,2340","3,0890","","3,30%"
"09.05.2004","3,0910","3,0580","3,1490","3,0710","","0,95%"
"02.05.2004","3,0620","2,9330","3,0870","2,9420","","4,47%"
"25.04.2004","2,9310","2,9050","2,9690","2,9050","","0,76%"
"18.04.2004","2,9090","2,9040","2,9400","2,9010","","0,03%"
"11.04.2004","2,9080","2,8910","2,9290","2,8810","","0,78%"
"04.04.2004","2,8855","2,8925","2,9025","2,8695","","-0,29%"
"28.03.2004","2,8940","2,9380","2,9390","2,8860","","-1,46%"
"21.03.2004","2,9370","2,8970","2,9470","2,9050","","1,24%"
"14.03.2004","2,9010","2,9020","2,9190","2,8940","","0,03%"
"07.03.2004","2,9000","2,8720","2,9210","2,8580","","1,12%"
"29.02.2004","2,8680","2,9020","2,9190","2,8630","","-1,31%"
"22.02.2004","2,9060","2,9560","2,9608","2,9060","","-1,82%"
"15.02.2004","2,9600","2,9010","3,0110","2,9020","","1,89%"
"08.02.2004","2,9050","2,9270","2,9410","2,8950","","-0,89%"
"01.02.2004","2,9310","2,9270","2,9640","2,9010","","-0,12%"
"25.01.2004","2,9345","2,8365","2,9730","2,8365","","3,25%"
"18.01.2004","2,8420","2,8290","2,8540","2,8230","","0,46%"
"11.01.2004","2,8290","2,8330","2,8370","2,7670","","-0,14%"
"04.01.2004","2,8330","2,8740","2,8835","2,8260","","-1,56%"
"28.12.2003","2,8780","2,9015","2,9160","2,8520","","-0,79%"
"21.12.2003","2,9010","2,9230","2,9320","2,8930","","-0,74%"
"14.12.2003","2,9225","2,9325","2,9465","2,9145","","-0,37%"
"07.12.2003","2,9335","2,9335","2,9535","2,9265","","-0,05%"
"30.11.2003","2,9350","2,9430","2,9520","2,9190","","-0,39%"
"23.11.2003","2,9465","2,9235","2,9585","2,9095","","1,05%"
"16.11.2003","2,9160","2,9455","2,9715","2,9135","","-1,14%"
"09.11.2003","2,9495","2,8680","2,9565","2,8615","","3,24%"
"02.11.2003","2,8570","2,8665","2,8815","2,8435","","-0,33%"
"26.10.2003","2,8665","2,8655","2,8845","2,8305","","-0,12%"
"19.10.2003","2,8700","2,8655","2,8955","2,8435","","0,03%"
"12.10.2003","2,8690","2,8265","2,8730","2,8165","","1,38%"
"05.10.2003","2,8300","2,8830","2,8920","2,8230","","-1,94%"
"28.09.2003","2,8860","2,9340","2,9470","2,8770","","-1,62%"
"21.09.2003","2,9335","2,9025","2,9605","2,8915","","1,07%"
"14.09.2003","2,9025","2,9015","2,9255","2,8725","","0,02%"
"07.09.2003","2,9020","2,9060","2,9610","2,8620","","-0,14%"
"31.08.2003","2,9060","2,9820","3,0010","2,9020","","-2,43%"
"24.08.2003","2,9785","2,9905","3,0055","2,9355","","-0,25%"
"17.08.2003","2,9860","2,9880","3,0150","2,9650","","-0,17%"
"10.08.2003","2,9910","2,9830","3,0490","2,9680","","0,13%"
"03.08.2003","2,9870","3,0700","3,0700","2,9670","","-1,37%"
"27.07.2003","3,0285","2,8885","3,0365","2,8825","","4,77%"
"20.07.2003","2,8905","2,8895","2,9155","2,8625","","0,09%"
"13.07.2003","2,8880","2,8910","2,8950","2,8310","","-0,14%"
"06.07.2003","2,8920","2,8350","2,9150","2,8350","","1,92%"
"29.06.2003","2,8375","2,8795","2,8925","2,8025","","-1,44%"
"22.06.2003","2,8790","2,8920","2,9320","2,8320","","-0,47%"
"15.06.2003","2,8925","2,8405","2,9235","2,8275","","1,88%"
"08.06.2003","2,8390","2,8760","2,8890","2,8350","","-1,30%"
"01.06.2003","2,8765","2,9645","2,9935","2,7995","","-3,26%"
"25.05.2003","2,9735","2,9145","3,0685","2,8925","","2,01%"
"18.05.2003","2,9150","2,9400","3,0480","2,9020","","-0,93%"
"11.05.2003","2,9425","2,8705","3,0035","2,8435","","2,44%"
"04.05.2003","2,8725","2,9405","3,0875","2,8505","","-3,20%"
"27.04.2003","2,9675","3,0135","3,0175","2,8715","","-1,38%"
"20.04.2003","3,0090","3,0330","3,0830","2,9110","","-0,89%"
"13.04.2003","3,0360","3,2020","3,2020","3,0030","","-5,18%"
"06.04.2003","3,2020","3,2160","3,2530","3,1230","","-0,65%"
"30.03.2003","3,2230","3,3580","3,3880","3,2110","","-4,06%"
"23.03.2003","3,3595","3,4015","3,4725","3,3515","","-1,28%"
"16.03.2003","3,4030","3,4310","3,4950","3,3450","","-0,86%"
"09.03.2003","3,4325","3,4955","3,5845","3,3775","","-1,86%"
"02.03.2003","3,4975","3,5655","3,5785","3,4675","","-2,03%"
"23.02.2003","3,5700","3,6220","3,6230","3,5510","","-1,45%"
"16.02.2003","3,6225","3,6225","3,6365","3,5305","","-1,02%"
"09.02.2003","3,6600","3,5830","3,6840","3,5430","","2,04%"
"02.02.2003","3,5870","3,5030","3,6250","3,4510","","2,37%"
"26.01.2003","3,5040","3,6210","3,6910","3,4770","","-3,27%"
"19.01.2003","3,6225","3,3735","3,6445","3,3555","","7,43%"
"12.01.2003","3,3720","3,2690","3,4000","3,2380","","2,21%"
"05.01.2003","3,2990","3,4330","3,4380","3,2420","","-4,07%"
"29.12.2002","3,4390","3,5360","3,5760","3,4050","","-2,78%"
"22.12.2002","3,5375","3,4855","3,5825","3,4325","","1,42%"
"15.12.2002","3,4880","3,7280","3,7430","3,4030","","-6,49%"
"08.12.2002","3,7300","3,7480","3,8240","3,6880","","-0,48%"
"01.12.2002","3,7480","3,5530","3,8080","3,5530","","2,60%"
"24.11.2002","3,6530","3,5550","3,6860","3,5200","","2,76%"
"17.11.2002","3,5550","3,6530","3,6690","3,4780","","-3,66%"
"10.11.2002","3,6900","3,5400","3,7330","3,4650","","4,21%"
"03.11.2002","3,5410","3,5930","3,6670","3,4940","","-1,53%"
"27.10.2002","3,5960","3,7240","3,8540","3,5750","","-3,59%"
"20.10.2002","3,7300","3,8650","3,9850","3,7150","","-3,74%"
"13.10.2002","3,8750","3,8100","3,9840","3,7750","","1,71%"
"06.10.2002","3,8100","3,6150","4,0190","3,5350","","5,39%"
"29.09.2002","3,6150","3,8750","3,9540","3,5190","","-6,61%"
"22.09.2002","3,8710","3,4000","3,9030","3,4000","","13,89%"
"15.09.2002","3,3990","3,1580","3,5140","3,1580","","7,65%"
"08.09.2002","3,1575","3,1555","3,1735","3,0555","","0,00%"
"01.09.2002","3,1575","3,0075","3,1905","3,0025","","4,99%"
"25.08.2002","3,0075","3,0875","3,1605","2,9875","","-3,33%"
"18.08.2002","3,1110","3,1220","3,1860","3,0090","","-0,37%"
"11.08.2002","3,1225","3,0205","3,2675","3,0205","","3,31%"
"04.08.2002","3,0225","3,0105","3,2575","2,8575","","0,58%"
"28.07.2002","3,0050","3,0050","3,6110","2,9850","","0,00%"
"21.07.2002","3,0050","2,8650","3,0310","2,8640","","4,74%"
"14.07.2002","2,8690","2,8910","2,9140","2,8280","","2,10%"
"07.07.2002","2,8100","2,8820","2,9000","2,7940","","-2,46%"
"30.06.2002","2,8810","2,8190","2,9410","2,7910","","2,25%"
"23.06.2002","2,8175","2,8315","2,8915","2,7555","","-0,44%"
"16.06.2002","2,8300","2,7160","2,8430","2,6400","","4,20%"
"09.06.2002","2,7160","2,6360","2,7950","2,6260","","3,03%"
"02.06.2002","2,6360","2,5180","2,6960","2,5110","","4,69%"
"26.05.2002","2,5180","2,5190","2,5340","2,5080","","-0,04%"
"19.05.2002","2,5190","2,4690","2,5490","2,4620","","1,78%"
"12.05.2002","2,4750","2,4610","2,5520","2,4550","","0,57%"
"05.05.2002","2,4610","2,4130","2,5000","2,4070","","2,29%"
"28.04.2002","2,4060","2,3710","2,4250","2,3560","","1,48%"
"21.04.2002","2,3710","2,3310","2,3760","2,3210","","1,65%"
"14.04.2002","2,3325","2,2915","2,3435","2,2915","","1,68%"
"07.04.2002","2,2940","2,2760","2,3070","2,2520","","0,75%"
"31.03.2002","2,2770","2,3260","2,3330","2,2760","","-2,06%"
"24.03.2002","2,3250","2,3610","2,3750","2,3150","","-1,55%"
"17.03.2002","2,3615","2,3855","2,3855","2,3305","","0,66%"
"10.03.2002","2,3460","2,3500","2,3660","2,3210","","-0,21%"
"03.03.2002","2,3510","2,3420","2,3820","2,3140","","0,30%"
"24.02.2002","2,3440","2,4140","2,4230","2,3360","","-3,22%"
"17.02.2002","2,4220","2,4240","2,4370","2,3950","","-0,19%"
"10.02.2002","2,4265","2,4085","2,4925","2,4015","","-1,32%"
"03.02.2002","2,4590","2,4170","2,4820","2,4100","","2,03%"
"27.01.2002","2,4100","2,4100","2,4700","2,4040","","0,00%"
"20.01.2002","2,4100","2,3620","2,4130","2,3580","","1,92%"
"13.01.2002","2,3645","2,4055","2,4185","2,3495","","-1,48%"
"06.01.2002","2,4000","2,3300","2,4540","2,3220","","2,96%"
"30.12.2001","2,3310","2,3110","2,3420","2,2770","","0,84%"
"23.12.2001","2,3115","2,3375","2,3575","2,2975","","-1,30%"
"16.12.2001","2,3420","2,3760","2,3850","2,2740","","-1,45%"
"09.12.2001","2,3765","2,3655","2,3945","2,3155","","-0,52%"
"02.12.2001","2,3890","2,4940","2,4960","2,3850","","-4,25%"
"25.11.2001","2,4950","2,4850","2,5630","2,4480","","-0,32%"
"18.11.2001","2,5030","2,5130","2,5580","2,4980","","-0,91%"
"11.11.2001","2,5260","2,5370","2,5750","2,5080","","-0,45%"
"04.11.2001","2,5375","2,6455","2,6505","2,5165","","-5,03%"
"28.10.2001","2,6720","2,7260","2,7560","2,6590","","-1,91%"
"21.10.2001","2,7240","2,7770","2,7800","2,6800","","-0,35%"
"14.10.2001","2,7335","2,7835","2,7875","2,7015","","-1,71%"
"07.10.2001","2,7810","2,7950","2,8070","2,7470","","0,27%"
"30.09.2001","2,7735","2,6945","2,7785","2,6795","","3,88%"
"23.09.2001","2,6700","2,8305","2,8310","2,6640","","-5,65%"
"16.09.2001","2,8300","2,6650","2,8400","2,6610","","5,32%"
"09.09.2001","2,6870","2,5810","2,7330","2,5653","","4,07%"
"02.09.2001","2,5820","2,5653","2,6000","2,5480","","0,70%"
"26.08.2001","2,5640","2,5510","2,5830","2,5183","","0,71%"
"19.08.2001","2,5460","2,5430","2,5640","2,5000","","1,09%"
"12.08.2001","2,5185","2,4755","2,5365","2,4685","","2,29%"
"05.08.2001","2,4620","2,4710","2,4930","2,4380","","-1,60%"
"29.07.2001","2,5020","2,4080","2,5140","2,4010","","1,94%"
"22.07.2001","2,4545","2,4265","2,5195","2,3995","","0,27%"
"15.07.2001","2,4480","2,5950","2,6080","2,4410","","-4,24%"
"08.07.2001","2,5565","2,4315","2,6025","2,4315","","5,21%"
"01.07.2001","2,4300","2,3180","2,5560","2,3090","","5,17%"
"24.06.2001","2,3105","2,2805","2,3365","2,2665","","0,63%"
"17.06.2001","2,2960","2,4140","2,4850","2,2960","","-5,05%"
"10.06.2001","2,4180","2,3590","2,4270","2,3590","","2,50%"
"03.06.2001","2,3590","2,3760","2,3970","2,3530","","-0,90%"
"27.05.2001","2,3805","2,3165","2,3935","2,3095","","2,65%"
"20.05.2001","2,3190","2,3070","2,3760","2,2950","","0,65%"
"13.05.2001","2,3040","2,2820","2,3440","2,2800","","0,92%"
"06.05.2001","2,2830","2,2105","2,2970","2,1920","","3,19%"
"29.04.2001","2,2125","2,2005","2,2505","2,1745","","0,48%"
"22.04.2001","2,2020","2,2345","2,3110","2,1980","","-1,48%"
"15.04.2001","2,2350","2,1580","2,2720","2,1580","","3,74%"
"08.04.2001","2,1545","2,1645","2,1725","2,1325","","-0,51%"
"01.04.2001","2,1655","2,1515","2,1805","2,1445","","0,58%"
"25.03.2001","2,1530","2,1490","2,1730","2,1080","","-0,87%"
"18.03.2001","2,1720","2,1240","2,1780","2,0780","","2,12%"
"11.03.2001","2,1270","2,0460","2,1420","2,0460","","4,01%"
"04.03.2001","2,0450","2,0315","2,0670","2,0150","","0,91%"
"25.02.2001","2,0265","2,0360","2,0490","2,0230","","-0,54%"
"18.02.2001","2,0375","1,9935","2,0505","1,9935","","1,72%"
"11.02.2001","2,0030","1,9820","2,0070","1,9750","","0,98%"
"04.02.2001","1,9835","1,9915","2,0095","1,9775","","-0,33%"
"28.01.2001","1,9900","1,9740","1,9970","1,9640","","0,84%"
"21.01.2001","1,9735","1,9565","1,9795","1,9535","","0,82%"
"14.01.2001","1,9575","1,9495","1,9643","1,9445","","0,38%"
"07.01.2001","1,9500","1,9555","1,9625","1,9390","","-0,25%"
"31.12.2000","1,9549","1,9503","1,9575","1,9295","","0,25%"
"24.12.2000","1,9500","1,9590","1,9680","1,9490","","-0,46%"
"17.12.2000","1,9590","1,9540","1,9640","1,9490","","-0,33%"
"10.12.2000","1,9655","1,9595","1,9725","1,9505","","-0,13%"
"03.12.2000","1,9680","1,9750","1,9880","1,9550","","-0,18%"
"26.11.2000","1,9715","1,9565","1,9895","1,9515","","0,66%"
"19.11.2000","1,9585","1,9685","1,9705","1,8925","","-0,41%"
"12.11.2000","1,9665","1,9505","1,9715","1,9385","","0,74%"
"05.11.2000","1,9520","1,9390","1,9810","1,9350","","0,51%"
"29.10.2000","1,9420","1,9150","1,9490","1,8980","","1,36%"
"22.10.2000","1,9160","1,8870","1,9460","1,8850","","1,64%"
"15.10.2000","1,8850","1,8690","1,8880","1,8620","","0,86%"
"08.10.2000","1,8690","1,8550","1,8830","1,8480","","0,75%"
"01.10.2000","1,8550","1,8430","1,8580","1,8410","","0,62%"
"24.09.2000","1,8435","1,8435","1,8545","1,8375","","0,00%"
"17.09.2000","1,8435","1,8435","1,8645","1,8435","","-0,03%"
"10.09.2000","1,8440","1,8160","1,8490","1,8150","","1,57%"
"03.09.2000","1,8155","1,8235","1,8295","1,8155","","-0,47%"
"27.08.2000","1,8240","1,8220","1,8380","1,8180","","0,08%"
"20.08.2000","1,8225","1,8165","1,8235","1,8135","","0,33%"
"13.08.2000","1,8165","1,8005","1,8185","1,7945","","0,83%"
"06.08.2000","1,8015","1,7915","1,8015","1,7915","","0,56%"
"30.07.2000","1,7915","1,7805","1,8105","1,7685","","0,39%"
"23.07.2000","1,7845","1,7945","1,7965","1,7705","","-0,67%"
"16.07.2000","1,7965","1,8015","1,8075","1,7865","","0,22%"
"09.07.2000","1,7925","1,8055","1,8275","1,7925","","-0,42%"
"02.07.2000","1,8000","1,8030","1,8190","1,7940","","-0,39%"
"25.06.2000","1,8070","1,8250","1,8300","1,7960","","-1,01%"
"18.06.2000","1,8255","1,8025","1,8265","1,7965","","1,25%"
"11.06.2000","1,8030","1,7960","1,8140","1,7960","","0,06%"
"04.06.2000","1,8020","1,7970","1,8070","1,7840","","0,06%"
"28.05.2000","1,8010","1,8370","1,8410","1,8010","","-1,93%"
"21.05.2000","1,8365","1,8405","1,8605","1,8355","","-0,16%"
"14.05.2000","1,8395","1,8355","1,8465","1,8155","","0,16%"
"07.05.2000","1,8365","1,8035","1,8375","1,8025","","2,06%"
"30.04.2000","1,7995","1,7985","1,8205","1,7955","","-0,30%"
"23.04.2000","1,8050","1,7830","1,8170","1,7820","","1,55%"
"16.04.2000","1,7775","1,7865","1,8005","1,7575","","-0,48%"
"09.04.2000","1,7860","1,7360","1,7950","1,7360","","2,61%"
"02.04.2000","1,7405","1,7355","1,7585","1,7355","","0,06%"
"26.03.2000","1,7395","1,7305","1,7565","1,7305","","0,38%"
"19.03.2000","1,7330","1,7410","1,7410","1,7090","","-0,32%"
"12.03.2000","1,7385","1,7485","1,7565","1,7315","","-0,32%"
"05.03.2000","1,7440","1,7450","1,7560","1,7330","","-0,06%"
"27.02.2000","1,7450","1,7760","1,7800","1,7430","","-1,61%"
"20.02.2000","1,7735","1,7755","1,7915","1,7685","","-0,25%"
"13.02.2000","1,7780","1,7760","1,7820","1,7680","","0,31%"
"06.02.2000","1,7725","1,7575","1,7755","1,7555","","0,25%"
"30.01.2000","1,7680","1,8100","1,8140","1,7670","","-1,42%"
"23.01.2000","1,7935","1,7685","1,7995","1,7605","","1,18%"
"16.01.2000","1,7725","1,8035","1,8035","1,7695","","-1,75%"
"09.01.2000","1,8040","1,8270","1,8410","1,7950","","-1,29%"
"02.01.2000","1,8275","1,8015","1,8705","1,7945","","1,22%"